Job started at Wed Apr  9 10:41:17 CEST 2025
Running on node: maestro-1042
Allocated CPUs: 32
Starting OT analysis...
Found existing merged data at /pasteur/helix/scratch/mcampi/OT/results/ANSD_OT_Results/merged_data.pkl
Loading merged data to skip preprocessing steps...
Identifying TEST speakers...
Found 28 TEST speakers: FADG0, FAKS0, FASW0, FAWF0, FCAU0, FCFT0, FCMH0, FCMR0, FDAC1, FDHC0, FDRD1, FDRW0, FKMS0, FLNH0, MABW0, MAHH0, MBDG0, MBJK0, MBNS0, MBPM0, MBWM0, MCHH0, MCMJ0, MDAB0, MDLF0, MDLS0, MDSC0, MJSW0
Loading perturbation types for TEST files...
Loaded 10716 perturbation type entries for TEST files

Perturbation type distribution for TEST files:
  loss: 2642 entries (24.65%)
  jitter: 2675 entries (24.96%)
  truncation: 2675 entries (24.96%)
  scattered_jitter: 2724 entries (25.42%)

Loading neurogram data with perturbation info...
Loaded 10731 neurograms

Perturbation type distribution in loaded neurograms:
  scattered_jitter: 2725 neurograms
  jitter: 2681 neurograms
  truncation: 2677 neurograms
  loss: 2648 neurograms

Loading formant data...
Loaded 10471 formant measurements

Merging neurogram and formant data...
Merged dataframe has 114446 rows

Perturbation type distribution after merge:
  truncation: 28717 entries
  jitter: 28713 entries
  loss: 28558 entries
  scattered_jitter: 28458 entries

Saving merged data to /pasteur/helix/scratch/mcampi/OT/results/ANSD_OT_Results/merged_data.pkl

Computing mean formant values...
Extracting neurogram CF values...

Data distribution by category and perturbation type:
PerturbationType    jitter  loss  scattered_jitter  truncation
Category_x                                                    
Affricate               80    95                90          73
Epenthetic              87   119               117          71
Flap                   260   206               276         176
Fricative             3258  3297              3406        3550
Glide                  485   545               562         518
Glottal Stop           506   352               409         512
Liquid                2757  2695              2638        3141
Nasal                 2441  2653              2410        2598
Silence               2760  2980              2740        2720
Stop                  6111  5720              5776        5869
Syllabic Consonant      38    31                31          17
Vowel                 9830  9757              9902        9396

Computing distances between formants and center frequencies by perturbation type...
Using 48 CPU cores for parallel processing
Loaded 140 existing results from checkpoint
Found 13 categories and 4 perturbation types
Perturbation types: loss, truncation, jitter, scattered_jitter
Total combinations to process: 936
Already processed: 140
Processing in 47 batches of size 20

Processing batch 1/47
Checkpoint saved: Total results = 140
Saved intermediate CSV results: 140 entries

Processing batch 2/47
Checkpoint saved: Total results = 140
Saved intermediate CSV results: 140 entries

Processing batch 3/47
Checkpoint saved: Total results = 140
Saved intermediate CSV results: 140 entries

Processing batch 4/47
Checkpoint saved: Total results = 140
Saved intermediate CSV results: 140 entries

Processing batch 5/47
Checkpoint saved: Total results = 140
Saved intermediate CSV results: 140 entries

Processing batch 6/47
Checkpoint saved: Total results = 140
Saved intermediate CSV results: 140 entries

Processing batch 7/47
Checkpoint saved: Total results = 140
Saved intermediate CSV results: 140 entries

Processing batch 8/47
Checkpoint saved: Total results = 140
Saved intermediate CSV results: 140 entries

Processing batch 9/47
Checkpoint saved: Total results = 140
Saved intermediate CSV results: 140 entries

Processing batch 10/47
Checkpoint saved: Total results = 140
Saved intermediate CSV results: 140 entries

Processing batch 11/47
Checkpoint saved: Total results = 140
Saved intermediate CSV results: 140 entries

Processing batch 12/47
Checkpoint saved: Total results = 140
Saved intermediate CSV results: 140 entries

Processing batch 13/47
Checkpoint saved: Total results = 140
Saved intermediate CSV results: 140 entries

Processing batch 14/47
Checkpoint saved: Total results = 140
Saved intermediate CSV results: 140 entries

Processing batch 15/47
Checkpoint saved: Total results = 140
Saved intermediate CSV results: 140 entries

Processing batch 16/47
Checkpoint saved: Total results = 140
Saved intermediate CSV results: 140 entries

Processing batch 17/47
Checkpoint saved: Total results = 140
Saved intermediate CSV results: 140 entries

Processing batch 18/47
Checkpoint saved: Total results = 140
Saved intermediate CSV results: 140 entries

Processing batch 19/47
Checkpoint saved: Total results = 140
Saved intermediate CSV results: 140 entries

Processing batch 20/47
Checkpoint saved: Total results = 140
Saved intermediate CSV results: 140 entries

Processing batch 21/47
Checkpoint saved: Total results = 140
Saved intermediate CSV results: 140 entries

Processing batch 22/47
Checkpoint saved: Total results = 140
Saved intermediate CSV results: 140 entries

Processing batch 23/47
Checkpoint saved: Total results = 140
Saved intermediate CSV results: 140 entries

Processing batch 24/47
Checkpoint saved: Total results = 140
Saved intermediate CSV results: 140 entries

Processing batch 25/47
Checkpoint saved: Total results = 140
Saved intermediate CSV results: 140 entries

Processing batch 26/47
Checkpoint saved: Total results = 140
Saved intermediate CSV results: 140 entries

Processing batch 27/47
Checkpoint saved: Total results = 140
Saved intermediate CSV results: 140 entries

Processing batch 28/47
Checkpoint saved: Total results = 140
Saved intermediate CSV results: 140 entries

Processing batch 29/47
Checkpoint saved: Total results = 140
Saved intermediate CSV results: 140 entries

Processing batch 30/47
Checkpoint saved: Total results = 140
Saved intermediate CSV results: 140 entries

Processing batch 31/47
Checkpoint saved: Total results = 140
Saved intermediate CSV results: 140 entries

Processing batch 32/47
Checkpoint saved: Total results = 140
Saved intermediate CSV results: 140 entries

Processing batch 33/47
Checkpoint saved: Total results = 140
Saved intermediate CSV results: 140 entries

Processing batch 34/47
Checkpoint saved: Total results = 140
Saved intermediate CSV results: 140 entries

Processing batch 35/47
Checkpoint saved: Total results = 140
Saved intermediate CSV results: 140 entries

Processing batch 36/47
Checkpoint saved: Total results = 140
Saved intermediate CSV results: 140 entries

Processing batch 37/47
Checkpoint saved: Total results = 140
Saved intermediate CSV results: 140 entries

Processing batch 38/47
Checkpoint saved: Total results = 140
Saved intermediate CSV results: 140 entries

Processing batch 39/47
Checkpoint saved: Total results = 140
Saved intermediate CSV results: 140 entries

Processing batch 40/47
Checkpoint saved: Total results = 140
Saved intermediate CSV results: 140 entries

Processing batch 41/47
Checkpoint saved: Total results = 140
Saved intermediate CSV results: 140 entries

Processing batch 42/47
Checkpoint saved: Total results = 140
Saved intermediate CSV results: 140 entries

Processing batch 43/47
Checkpoint saved: Total results = 140
Saved intermediate CSV results: 140 entries

Processing batch 44/47
Checkpoint saved: Total results = 140
Saved intermediate CSV results: 140 entries

Processing batch 45/47
Checkpoint saved: Total results = 140
Saved intermediate CSV results: 140 entries

Processing batch 46/47
Checkpoint saved: Total results = 140
Saved intermediate CSV results: 140 entries

Processing batch 47/47
Error computing GW distance for Vowel-truncation-f1-CF5: ot.optim.cg() got multiple values for keyword argument 'numItermax'
Error computing GW distance for Vowel-scattered_jitter-f3-CF6: ot.optim.cg() got multiple values for keyword argument 'numItermax'
Error computing GW distance for Stop-jitter-f3-CF1: ot.optim.cg() got multiple values for keyword argument 'numItermax'
Error computing GW distance for Silence-truncation-f2-CF1: ot.optim.cg() got multiple values for keyword argument 'numItermax'
Error computing GW distance for Fricative-loss-f1-CF1: ot.optim.cg() got multiple values for keyword argument 'numItermax'
Error computing GW distance for Fricative-jitter-f3-CF1: ot.optim.cg() got multiple values for keyword argument 'numItermax'
Error computing GW distance for Liquid-truncation-f2-CF1: ot.optim.cg() got multiple values for keyword argument 'numItermax'
Error computing GW distance for Nasal-loss-f1-CF1: ot.optim.cg() got multiple values for keyword argument 'numItermax'
Error computing GW distance for Nasal-jitter-f3-CF1: ot.optim.cg() got multiple values for keyword argument 'numItermax'
Error computing GW distance for Glottal Stop-truncation-f2-CF1: ot.optim.cg() got multiple values for keyword argument 'numItermax'
Error computing GW distance for Glide-loss-f1-CF1: ot.optim.cg() got multiple values for keyword argument 'numItermax'
Error computing GW distance for Glide-jitter-f3-CF1: ot.optim.cg() got multiple values for keyword argument 'numItermax'
Error computing GW distance for Syllabic Consonant-truncation-f2-CF1: ot.optim.cg() got multiple values for keyword argument 'numItermax'
Error computing GW distance for Affricate-loss-f1-CF1: ot.optim.cg() got multiple values for keyword argument 'numItermax'
Error computing GW distance for Affricate-jitter-f3-CF1: ot.optim.cg() got multiple values for keyword argument 'numItermax'
Error computing GW distance for Vowel-truncation-f2-CF4: ot.optim.cg() got multiple values for keyword argument 'numItermax'
Error computing GW distance for Stop-loss-f1-CF3: ot.optim.cg() got multiple values for keyword argument 'numItermax'
Error computing GW distance for Stop-jitter-f3-CF3: ot.optim.cg() got multiple values for keyword argument 'numItermax'
Error computing GW distance for Silence-truncation-f2-CF3: ot.optim.cg() got multiple values for keyword argument 'numItermax'
Error computing GW distance for Fricative-loss-f1-CF2: ot.optim.cg() got multiple values for keyword argument 'numItermax'
Error computing GW distance for Fricative-jitter-f3-CF2: ot.optim.cg() got multiple values for keyword argument 'numItermax'
Error computing GW distance for Liquid-truncation-f2-CF2: ot.optim.cg() got multiple values for keyword argument 'numItermax'
Error computing GW distance for Nasal-loss-f1-CF2: ot.optim.cg() got multiple values for keyword argument 'numItermax'
Error computing GW distance for Nasal-jitter-f3-CF2: ot.optim.cg() got multiple values for keyword argument 'numItermax'
Error computing GW distance for Glottal Stop-truncation-f2-CF2: ot.optim.cg() got multiple values for keyword argument 'numItermax'
Error computing GW distance for Glide-loss-f1-CF2: ot.optim.cg() got multiple values for keyword argument 'numItermax'
Error computing GW distance for Glide-jitter-f3-CF2: ot.optim.cg() got multiple values for keyword argument 'numItermax'
Error computing GW distance for Syllabic Consonant-truncation-f2-CF2: ot.optim.cg() got multiple values for keyword argument 'numItermax'
Error computing GW distance for Affricate-loss-f1-CF2: ot.optim.cg() got multiple values for keyword argument 'numItermax'
Error computing GW distance for Affricate-jitter-f3-CF2: ot.optim.cg() got multiple values for keyword argument 'numItermax'
Error computing GW distance for Vowel-truncation-f2-CF1: ot.optim.cg() got multiple values for keyword argument 'numItermax'
Error computing GW distance for Stop-loss-f1-CF1: ot.optim.cg() got multiple values for keyword argument 'numItermax'
Error computing GW distance for Stop-jitter-f3-CF2: ot.optim.cg() got multiple values for keyword argument 'numItermax'
Error computing GW distance for Silence-truncation-f2-CF2: ot.optim.cg() got multiple values for keyword argument 'numItermax'
Error computing GW distance for Fricative-loss-f1-CF3: ot.optim.cg() got multiple values for keyword argument 'numItermax'
Error computing GW distance for Fricative-jitter-f3-CF3: ot.optim.cg() got multiple values for keyword argument 'numItermax'
Error computing GW distance for Liquid-truncation-f2-CF3: ot.optim.cg() got multiple values for keyword argument 'numItermax'
Error computing GW distance for Nasal-loss-f1-CF3: ot.optim.cg() got multiple values for keyword argument 'numItermax'
Error computing GW distance for Nasal-jitter-f3-CF3: ot.optim.cg() got multiple values for keyword argument 'numItermax'
Error computing GW distance for Glottal Stop-truncation-f2-CF3: ot.optim.cg() got multiple values for keyword argument 'numItermax'
Error computing GW distance for Glide-loss-f1-CF3: ot.optim.cg() got multiple values for keyword argument 'numItermax'
Error computing GW distance for Glide-jitter-f3-CF3: ot.optim.cg() got multiple values for keyword argument 'numItermax'
Error computing GW distance for Syllabic Consonant-truncation-f2-CF3: ot.optim.cg() got multiple values for keyword argument 'numItermax'
Error computing GW distance for Affricate-loss-f1-CF3: ot.optim.cg() got multiple values for keyword argument 'numItermax'
Error computing GW distance for Affricate-jitter-f3-CF3: ot.optim.cg() got multiple values for keyword argument 'numItermax'
Error computing GW distance for Vowel-truncation-f2-CF6: ot.optim.cg() got multiple values for keyword argument 'numItermax'
Error computing GW distance for Stop-loss-f1-CF6: ot.optim.cg() got multiple values for keyword argument 'numItermax'
Error computing GW distance for Stop-jitter-f3-CF5: ot.optim.cg() got multiple values for keyword argument 'numItermax'
Error computing GW distance for Silence-truncation-f2-CF5: ot.optim.cg() got multiple values for keyword argument 'numItermax'
Error computing GW distance for Fricative-loss-f1-CF5: ot.optim.cg() got multiple values for keyword argument 'numItermax'
Error computing GW distance for Fricative-jitter-f3-CF5: ot.optim.cg() got multiple values for keyword argument 'numItermax'
Error computing GW distance for Liquid-truncation-f2-CF5: ot.optim.cg() got multiple values for keyword argument 'numItermax'
Error computing GW distance for Nasal-loss-f1-CF5: ot.optim.cg() got multiple values for keyword argument 'numItermax'
Error computing GW distance for Nasal-jitter-f3-CF5: ot.optim.cg() got multiple values for keyword argument 'numItermax'
Error computing GW distance for Glottal Stop-truncation-f2-CF4: ot.optim.cg() got multiple values for keyword argument 'numItermax'
Error computing GW distance for Glide-loss-f1-CF4: ot.optim.cg() got multiple values for keyword argument 'numItermax'
Error computing GW distance for Glide-jitter-f3-CF4: ot.optim.cg() got multiple values for keyword argument 'numItermax'
Error computing GW distance for Syllabic Consonant-truncation-f2-CF4: ot.optim.cg() got multiple values for keyword argument 'numItermax'
Error computing GW distance for Affricate-loss-f1-CF4: ot.optim.cg() got multiple values for keyword argument 'numItermax'
Error computing GW distance for Affricate-jitter-f3-CF4: ot.optim.cg() got multiple values for keyword argument 'numItermax'
Error computing GW distance for Vowel-truncation-f2-CF3: ot.optim.cg() got multiple values for keyword argument 'numItermax'
Error computing GW distance for Stop-loss-f1-CF4: ot.optim.cg() got multiple values for keyword argument 'numItermax'
Error computing GW distance for Stop-jitter-f3-CF4: ot.optim.cg() got multiple values for keyword argument 'numItermax'
Error computing GW distance for Silence-truncation-f2-CF4: ot.optim.cg() got multiple values for keyword argument 'numItermax'
Error computing GW distance for Fricative-loss-f1-CF4: ot.optim.cg() got multiple values for keyword argument 'numItermax'
Error computing GW distance for Fricative-jitter-f3-CF4: ot.optim.cg() got multiple values for keyword argument 'numItermax'
Error computing GW distance for Liquid-truncation-f2-CF4: ot.optim.cg() got multiple values for keyword argument 'numItermax'
Error computing GW distance for Nasal-loss-f1-CF4: ot.optim.cg() got multiple values for keyword argument 'numItermax'
Error computing GW distance for Nasal-jitter-f3-CF4: ot.optim.cg() got multiple values for keyword argument 'numItermax'
Error computing GW distance for Glottal Stop-truncation-f2-CF5: ot.optim.cg() got multiple values for keyword argument 'numItermax'
Error computing GW distance for Glide-loss-f1-CF5: ot.optim.cg() got multiple values for keyword argument 'numItermax'
Error computing GW distance for Glide-jitter-f3-CF5: ot.optim.cg() got multiple values for keyword argument 'numItermax'
Error computing GW distance for Syllabic Consonant-truncation-f2-CF5: ot.optim.cg() got multiple values for keyword argument 'numItermax'
Error computing GW distance for Affricate-loss-f1-CF5: ot.optim.cg() got multiple values for keyword argument 'numItermax'
Error computing GW distance for Affricate-jitter-f3-CF5: ot.optim.cg() got multiple values for keyword argument 'numItermax'
Error computing GW distance for Vowel-truncation-f3-CF1: ot.optim.cg() got multiple values for keyword argument 'numItermax'
Error computing GW distance for Stop-loss-f2-CF1: ot.optim.cg() got multiple values for keyword argument 'numItermax'
Error computing GW distance for Stop-scattered_jitter-f1-CF1: ot.optim.cg() got multiple values for keyword argument 'numItermax'
Error computing GW distance for Silence-truncation-f2-CF6: ot.optim.cg() got multiple values for keyword argument 'numItermax'
Error computing GW distance for Fricative-loss-f2-CF1: ot.optim.cg() got multiple values for keyword argument 'numItermax'
Error computing GW distance for Fricative-scattered_jitter-f1-CF1: ot.optim.cg() got multiple values for keyword argument 'numItermax'
Error computing GW distance for Liquid-truncation-f2-CF6: ot.optim.cg() got multiple values for keyword argument 'numItermax'
Error computing GW distance for Nasal-loss-f2-CF1: ot.optim.cg() got multiple values for keyword argument 'numItermax'
Error computing GW distance for Nasal-scattered_jitter-f1-CF1: ot.optim.cg() got multiple values for keyword argument 'numItermax'
Error computing GW distance for Glottal Stop-truncation-f2-CF6: ot.optim.cg() got multiple values for keyword argument 'numItermax'
Error computing GW distance for Glide-loss-f1-CF6: ot.optim.cg() got multiple values for keyword argument 'numItermax'
Error computing GW distance for Glide-jitter-f3-CF6: ot.optim.cg() got multiple values for keyword argument 'numItermax'
Error computing GW distance for Syllabic Consonant-truncation-f2-CF6: ot.optim.cg() got multiple values for keyword argument 'numItermax'
Error computing GW distance for Affricate-loss-f1-CF6: ot.optim.cg() got multiple values for keyword argument 'numItermax'
Error computing GW distance for Affricate-jitter-f3-CF6: ot.optim.cg() got multiple values for keyword argument 'numItermax'
Error computing GW distance for Vowel-truncation-f3-CF3: ot.optim.cg() got multiple values for keyword argument 'numItermax'
Error computing GW distance for Stop-loss-f2-CF3: ot.optim.cg() got multiple values for keyword argument 'numItermax'
Error computing GW distance for Stop-scattered_jitter-f1-CF4: ot.optim.cg() got multiple values for keyword argument 'numItermax'
Error computing GW distance for Silence-truncation-f3-CF3: ot.optim.cg() got multiple values for keyword argument 'numItermax'
Error computing GW distance for Fricative-loss-f2-CF3: ot.optim.cg() got multiple values for keyword argument 'numItermax'
Error computing GW distance for Fricative-scattered_jitter-f1-CF3: ot.optim.cg() got multiple values for keyword argument 'numItermax'
Error computing GW distance for Liquid-truncation-f3-CF2: ot.optim.cg() got multiple values for keyword argument 'numItermax'
Error computing GW distance for Nasal-loss-f2-CF2: ot.optim.cg() got multiple values for keyword argument 'numItermax'
Error computing GW distance for Nasal-scattered_jitter-f1-CF2: ot.optim.cg() got multiple values for keyword argument 'numItermax'
Error computing GW distance for Glottal Stop-truncation-f3-CF2: ot.optim.cg() got multiple values for keyword argument 'numItermax'
Error computing GW distance for Glide-loss-f2-CF2: ot.optim.cg() got multiple values for keyword argument 'numItermax'
Error computing GW distance for Glide-scattered_jitter-f1-CF2: ot.optim.cg() got multiple values for keyword argument 'numItermax'
Error computing GW distance for Syllabic Consonant-truncation-f3-CF2: ot.optim.cg() got multiple values for keyword argument 'numItermax'
Error computing GW distance for Affricate-loss-f2-CF2: ot.optim.cg() got multiple values for keyword argument 'numItermax'
Error computing GW distance for Affricate-scattered_jitter-f1-CF2: ot.optim.cg() got multiple values for keyword argument 'numItermax'
Error computing GW distance for Vowel-loss-f1-CF5: ot.optim.cg() got multiple values for keyword argument 'numItermax'
Error computing GW distance for Vowel-jitter-f3-CF5: ot.optim.cg() got multiple values for keyword argument 'numItermax'
Error computing GW distance for Stop-truncation-f2-CF6: ot.optim.cg() got multiple values for keyword argument 'numItermax'
Error computing GW distance for Silence-loss-f1-CF2: ot.optim.cg() got multiple values for keyword argument 'numItermax'
Error computing GW distance for Silence-jitter-f3-CF2: ot.optim.cg() got multiple values for keyword argument 'numItermax'
Error computing GW distance for Fricative-truncation-f2-CF2: ot.optim.cg() got multiple values for keyword argument 'numItermax'
Error computing GW distance for Liquid-loss-f1-CF2: ot.optim.cg() got multiple values for keyword argument 'numItermax'
Error computing GW distance for Liquid-jitter-f3-CF1: ot.optim.cg() got multiple values for keyword argument 'numItermax'
Error computing GW distance for Nasal-truncation-f2-CF1: ot.optim.cg() got multiple values for keyword argument 'numItermax'
Error computing GW distance for Glottal Stop-loss-f1-CF1: ot.optim.cg() got multiple values for keyword argument 'numItermax'
Error computing GW distance for Glottal Stop-truncation-f3-CF3: ot.optim.cg() got multiple values for keyword argument 'numItermax'
Error computing GW distance for Glide-loss-f2-CF3: ot.optim.cg() got multiple values for keyword argument 'numItermax'
Error computing GW distance for Glide-scattered_jitter-f1-CF3: ot.optim.cg() got multiple values for keyword argument 'numItermax'
Error computing GW distance for Syllabic Consonant-truncation-f3-CF3: ot.optim.cg() got multiple values for keyword argument 'numItermax'
Error computing GW distance for Affricate-loss-f2-CF3: ot.optim.cg() got multiple values for keyword argument 'numItermax'
Error computing GW distance for Affricate-scattered_jitter-f1-CF3: ot.optim.cg() got multiple values for keyword argument 'numItermax'
Error computing GW distance for Vowel-truncation-f2-CF5: ot.optim.cg() got multiple values for keyword argument 'numItermax'
Error computing GW distance for Stop-loss-f1-CF5: ot.optim.cg() got multiple values for keyword argument 'numItermax'
Error computing GW distance for Stop-jitter-f3-CF6: ot.optim.cg() got multiple values for keyword argument 'numItermax'
Error computing GW distance for Silence-truncation-f3-CF1: ot.optim.cg() got multiple values for keyword argument 'numItermax'
Error computing GW distance for Fricative-loss-f1-CF6: ot.optim.cg() got multiple values for keyword argument 'numItermax'
Error computing GW distance for Fricative-jitter-f3-CF6: ot.optim.cg() got multiple values for keyword argument 'numItermax'
Error computing GW distance for Liquid-truncation-f3-CF1: ot.optim.cg() got multiple values for keyword argument 'numItermax'
Error computing GW distance for Nasal-loss-f1-CF6: ot.optim.cg() got multiple values for keyword argument 'numItermax'
Error computing GW distance for Nasal-jitter-f3-CF6: ot.optim.cg() got multiple values for keyword argument 'numItermax'
Error computing GW distance for Glottal Stop-truncation-f3-CF1: ot.optim.cg() got multiple values for keyword argument 'numItermax'
Error computing GW distance for Glide-loss-f2-CF1: ot.optim.cg() got multiple values for keyword argument 'numItermax'
Error computing GW distance for Glide-scattered_jitter-f1-CF1: ot.optim.cg() got multiple values for keyword argument 'numItermax'
Error computing GW distance for Syllabic Consonant-truncation-f3-CF1: ot.optim.cg() got multiple values for keyword argument 'numItermax'
Error computing GW distance for Affricate-loss-f2-CF1: ot.optim.cg() got multiple values for keyword argument 'numItermax'
Error computing GW distance for Affricate-scattered_jitter-f1-CF1: ot.optim.cg() got multiple values for keyword argument 'numItermax'
Error computing GW distance for Vowel-loss-f2-CF1: ot.optim.cg() got multiple values for keyword argument 'numItermax'
Error computing GW distance for Vowel-scattered_jitter-f1-CF1: ot.optim.cg() got multiple values for keyword argument 'numItermax'
Error computing GW distance for Stop-truncation-f3-CF1: ot.optim.cg() got multiple values for keyword argument 'numItermax'
Error computing GW distance for Silence-loss-f1-CF3: ot.optim.cg() got multiple values for keyword argument 'numItermax'
Error computing GW distance for Silence-jitter-f3-CF3: ot.optim.cg() got multiple values for keyword argument 'numItermax'
Error computing GW distance for Fricative-truncation-f2-CF3: ot.optim.cg() got multiple values for keyword argument 'numItermax'
Error computing GW distance for Liquid-loss-f1-CF3: ot.optim.cg() got multiple values for keyword argument 'numItermax'
Error computing GW distance for Liquid-jitter-f3-CF3: ot.optim.cg() got multiple values for keyword argument 'numItermax'
Error computing GW distance for Nasal-truncation-f2-CF3: ot.optim.cg() got multiple values for keyword argument 'numItermax'
Error computing GW distance for Glottal Stop-loss-f1-CF2: ot.optim.cg() got multiple values for keyword argument 'numItermax'
Error computing GW distance for Glottal Stop-truncation-f3-CF4: ot.optim.cg() got multiple values for keyword argument 'numItermax'
Error computing GW distance for Glide-loss-f2-CF4: ot.optim.cg() got multiple values for keyword argument 'numItermax'
Error computing GW distance for Glide-scattered_jitter-f1-CF4: ot.optim.cg() got multiple values for keyword argument 'numItermax'
Error computing GW distance for Syllabic Consonant-truncation-f3-CF4: ot.optim.cg() got multiple values for keyword argument 'numItermax'
Error computing GW distance for Affricate-loss-f2-CF4: ot.optim.cg() got multiple values for keyword argument 'numItermax'
Error computing GW distance for Affricate-scattered_jitter-f1-CF4: ot.optim.cg() got multiple values for keyword argument 'numItermax'
Error computing GW distance for Vowel-loss-f1-CF6: ot.optim.cg() got multiple values for keyword argument 'numItermax'
Error computing GW distance for Vowel-jitter-f3-CF6: ot.optim.cg() got multiple values for keyword argument 'numItermax'
Error computing GW distance for Stop-truncation-f2-CF5: ot.optim.cg() got multiple values for keyword argument 'numItermax'
Error computing GW distance for Silence-loss-f1-CF1: ot.optim.cg() got multiple values for keyword argument 'numItermax'
Error computing GW distance for Silence-jitter-f3-CF1: ot.optim.cg() got multiple values for keyword argument 'numItermax'
Error computing GW distance for Fricative-truncation-f2-CF1: ot.optim.cg() got multiple values for keyword argument 'numItermax'
Error computing GW distance for Liquid-loss-f1-CF1: ot.optim.cg() got multiple values for keyword argument 'numItermax'
Error computing GW distance for Liquid-jitter-f3-CF2: ot.optim.cg() got multiple values for keyword argument 'numItermax'
Error computing GW distance for Nasal-truncation-f2-CF2: ot.optim.cg() got multiple values for keyword argument 'numItermax'
Error computing GW distance for Glottal Stop-loss-f1-CF3: ot.optim.cg() got multiple values for keyword argument 'numItermax'
Error computing GW distance for Glottal Stop-truncation-f3-CF5: ot.optim.cg() got multiple values for keyword argument 'numItermax'
Error computing GW distance for Glide-loss-f2-CF5: ot.optim.cg() got multiple values for keyword argument 'numItermax'
Error computing GW distance for Glide-scattered_jitter-f1-CF5: ot.optim.cg() got multiple values for keyword argument 'numItermax'
Error computing GW distance for Syllabic Consonant-truncation-f3-CF5: ot.optim.cg() got multiple values for keyword argument 'numItermax'
Error computing GW distance for Affricate-loss-f2-CF5: ot.optim.cg() got multiple values for keyword argument 'numItermax'
Error computing GW distance for Affricate-scattered_jitter-f1-CF5: ot.optim.cg() got multiple values for keyword argument 'numItermax'
Error computing GW distance for Vowel-loss-f2-CF2: ot.optim.cg() got multiple values for keyword argument 'numItermax'
Error computing GW distance for Vowel-scattered_jitter-f1-CF2: ot.optim.cg() got multiple values for keyword argument 'numItermax'
Error computing GW distance for Stop-truncation-f3-CF2: ot.optim.cg() got multiple values for keyword argument 'numItermax'
Error computing GW distance for Silence-loss-f1-CF4: ot.optim.cg() got multiple values for keyword argument 'numItermax'
Error computing GW distance for Silence-jitter-f3-CF4: ot.optim.cg() got multiple values for keyword argument 'numItermax'
Error computing GW distance for Fricative-truncation-f2-CF4: ot.optim.cg() got multiple values for keyword argument 'numItermax'
Error computing GW distance for Liquid-loss-f1-CF4: ot.optim.cg() got multiple values for keyword argument 'numItermax'
Error computing GW distance for Liquid-jitter-f3-CF4: ot.optim.cg() got multiple values for keyword argument 'numItermax'
Error computing GW distance for Nasal-truncation-f2-CF4: ot.optim.cg() got multiple values for keyword argument 'numItermax'
Error computing GW distance for Glottal Stop-loss-f1-CF4: ot.optim.cg() got multiple values for keyword argument 'numItermax'
Error computing GW distance for Glottal Stop-truncation-f3-CF6: ot.optim.cg() got multiple values for keyword argument 'numItermax'
Error computing GW distance for Glide-loss-f2-CF6: ot.optim.cg() got multiple values for keyword argument 'numItermax'
Error computing GW distance for Glide-scattered_jitter-f1-CF6: ot.optim.cg() got multiple values for keyword argument 'numItermax'
Error computing GW distance for Syllabic Consonant-truncation-f3-CF6: ot.optim.cg() got multiple values for keyword argument 'numItermax'
Error computing GW distance for Affricate-loss-f2-CF6: ot.optim.cg() got multiple values for keyword argument 'numItermax'
Error computing GW distance for Affricate-scattered_jitter-f1-CF6: ot.optim.cg() got multiple values for keyword argument 'numItermax'
Error computing GW distance for Vowel-jitter-f2-CF2: ot.optim.cg() got multiple values for keyword argument 'numItermax'
Error computing GW distance for Stop-scattered_jitter-f1-CF3: ot.optim.cg() got multiple values for keyword argument 'numItermax'
Error computing GW distance for Silence-truncation-f3-CF4: ot.optim.cg() got multiple values for keyword argument 'numItermax'
Error computing GW distance for Fricative-loss-f2-CF4: ot.optim.cg() got multiple values for keyword argument 'numItermax'
Error computing GW distance for Fricative-scattered_jitter-f1-CF4: ot.optim.cg() got multiple values for keyword argument 'numItermax'
Error computing GW distance for Liquid-truncation-f3-CF3: ot.optim.cg() got multiple values for keyword argument 'numItermax'
Error computing GW distance for Nasal-loss-f2-CF3: ot.optim.cg() got multiple values for keyword argument 'numItermax'
Error computing GW distance for Nasal-scattered_jitter-f1-CF3: ot.optim.cg() got multiple values for keyword argument 'numItermax'
Error computing GW distance for Glottal Stop-jitter-f1-CF1: ot.optim.cg() got multiple values for keyword argument 'numItermax'
Error computing GW distance for Glide-loss-f3-CF1: ot.optim.cg() got multiple values for keyword argument 'numItermax'
Error computing GW distance for Glide-scattered_jitter-f2-CF1: ot.optim.cg() got multiple values for keyword argument 'numItermax'
Error computing GW distance for Syllabic Consonant-jitter-f1-CF1: ot.optim.cg() got multiple values for keyword argument 'numItermax'
Error computing GW distance for Affricate-loss-f3-CF1: ot.optim.cg() got multiple values for keyword argument 'numItermax'
Error computing GW distance for Affricate-scattered_jitter-f2-CF1: ot.optim.cg() got multiple values for keyword argument 'numItermax'
Error computing GW distance for Vowel-truncation-f3-CF5: ot.optim.cg() got multiple values for keyword argument 'numItermax'
Error computing GW distance for Stop-loss-f2-CF5: ot.optim.cg() got multiple values for keyword argument 'numItermax'
Error computing GW distance for Stop-scattered_jitter-f1-CF6: ot.optim.cg() got multiple values for keyword argument 'numItermax'
Error computing GW distance for Silence-truncation-f3-CF6: ot.optim.cg() got multiple values for keyword argument 'numItermax'
Error computing GW distance for Fricative-loss-f2-CF6: ot.optim.cg() got multiple values for keyword argument 'numItermax'
Error computing GW distance for Fricative-scattered_jitter-f1-CF6: ot.optim.cg() got multiple values for keyword argument 'numItermax'
Error computing GW distance for Liquid-truncation-f3-CF6: ot.optim.cg() got multiple values for keyword argument 'numItermax'
Error computing GW distance for Nasal-loss-f2-CF5: ot.optim.cg() got multiple values for keyword argument 'numItermax'
Error computing GW distance for Nasal-scattered_jitter-f1-CF4: ot.optim.cg() got multiple values for keyword argument 'numItermax'
Error computing GW distance for Glottal Stop-jitter-f1-CF2: ot.optim.cg() got multiple values for keyword argument 'numItermax'
Error computing GW distance for Glide-loss-f3-CF2: ot.optim.cg() got multiple values for keyword argument 'numItermax'
Error computing GW distance for Glide-scattered_jitter-f2-CF2: ot.optim.cg() got multiple values for keyword argument 'numItermax'
Error computing GW distance for Syllabic Consonant-jitter-f1-CF2: ot.optim.cg() got multiple values for keyword argument 'numItermax'
Error computing GW distance for Affricate-loss-f3-CF2: ot.optim.cg() got multiple values for keyword argument 'numItermax'
Error computing GW distance for Affricate-scattered_jitter-f2-CF2: ot.optim.cg() got multiple values for keyword argument 'numItermax'
Error computing GW distance for Vowel-truncation-f3-CF2: ot.optim.cg() got multiple values for keyword argument 'numItermax'
Error computing GW distance for Stop-loss-f2-CF2: ot.optim.cg() got multiple values for keyword argument 'numItermax'
Error computing GW distance for Stop-scattered_jitter-f1-CF2: ot.optim.cg() got multiple values for keyword argument 'numItermax'
Error computing GW distance for Silence-truncation-f3-CF2: ot.optim.cg() got multiple values for keyword argument 'numItermax'
Error computing GW distance for Fricative-loss-f2-CF2: ot.optim.cg() got multiple values for keyword argument 'numItermax'
Error computing GW distance for Fricative-scattered_jitter-f1-CF2: ot.optim.cg() got multiple values for keyword argument 'numItermax'
Error computing GW distance for Liquid-truncation-f3-CF4: ot.optim.cg() got multiple values for keyword argument 'numItermax'
Error computing GW distance for Nasal-loss-f2-CF4: ot.optim.cg() got multiple values for keyword argument 'numItermax'
Error computing GW distance for Nasal-scattered_jitter-f1-CF5: ot.optim.cg() got multiple values for keyword argument 'numItermax'
Error computing GW distance for Glottal Stop-jitter-f1-CF3: ot.optim.cg() got multiple values for keyword argument 'numItermax'
Error computing GW distance for Glide-loss-f3-CF3: ot.optim.cg() got multiple values for keyword argument 'numItermax'
Error computing GW distance for Glide-scattered_jitter-f2-CF3: ot.optim.cg() got multiple values for keyword argument 'numItermax'
Error computing GW distance for Syllabic Consonant-jitter-f1-CF3: ot.optim.cg() got multiple values for keyword argument 'numItermax'
Error computing GW distance for Affricate-loss-f3-CF3: ot.optim.cg() got multiple values for keyword argument 'numItermax'
Error computing GW distance for Affricate-scattered_jitter-f2-CF3: ot.optim.cg() got multiple values for keyword argument 'numItermax'
Error computing GW distance for Vowel-truncation-f3-CF4: ot.optim.cg() got multiple values for keyword argument 'numItermax'
Error computing GW distance for Stop-loss-f2-CF4: ot.optim.cg() got multiple values for keyword argument 'numItermax'
Error computing GW distance for Stop-scattered_jitter-f1-CF5: ot.optim.cg() got multiple values for keyword argument 'numItermax'
Error computing GW distance for Silence-truncation-f3-CF5: ot.optim.cg() got multiple values for keyword argument 'numItermax'
Error computing GW distance for Fricative-loss-f2-CF5: ot.optim.cg() got multiple values for keyword argument 'numItermax'
Error computing GW distance for Fricative-scattered_jitter-f1-CF5: ot.optim.cg() got multiple values for keyword argument 'numItermax'
Error computing GW distance for Liquid-truncation-f3-CF5: ot.optim.cg() got multiple values for keyword argument 'numItermax'
Error computing GW distance for Nasal-loss-f2-CF6: ot.optim.cg() got multiple values for keyword argument 'numItermax'
Error computing GW distance for Nasal-scattered_jitter-f1-CF6: ot.optim.cg() got multiple values for keyword argument 'numItermax'
Error computing GW distance for Glottal Stop-jitter-f1-CF4: ot.optim.cg() got multiple values for keyword argument 'numItermax'
Error computing GW distance for Glide-loss-f3-CF4: ot.optim.cg() got multiple values for keyword argument 'numItermax'
Error computing GW distance for Glide-scattered_jitter-f2-CF4: ot.optim.cg() got multiple values for keyword argument 'numItermax'
Error computing GW distance for Syllabic Consonant-jitter-f1-CF4: ot.optim.cg() got multiple values for keyword argument 'numItermax'
Error computing GW distance for Affricate-loss-f3-CF4: ot.optim.cg() got multiple values for keyword argument 'numItermax'
Error computing GW distance for Affricate-scattered_jitter-f2-CF4: ot.optim.cg() got multiple values for keyword argument 'numItermax'
Error computing GW distance for Vowel-jitter-f1-CF1: ot.optim.cg() got multiple values for keyword argument 'numItermax'
Error computing GW distance for Stop-loss-f3-CF1: ot.optim.cg() got multiple values for keyword argument 'numItermax'
Error computing GW distance for Stop-scattered_jitter-f2-CF2: ot.optim.cg() got multiple values for keyword argument 'numItermax'
Error computing GW distance for Silence-jitter-f1-CF1: ot.optim.cg() got multiple values for keyword argument 'numItermax'
Error computing GW distance for Fricative-loss-f3-CF1: ot.optim.cg() got multiple values for keyword argument 'numItermax'
Error computing GW distance for Fricative-scattered_jitter-f2-CF1: ot.optim.cg() got multiple values for keyword argument 'numItermax'
Error computing GW distance for Liquid-jitter-f1-CF1: ot.optim.cg() got multiple values for keyword argument 'numItermax'
Error computing GW distance for Nasal-loss-f3-CF2: ot.optim.cg() got multiple values for keyword argument 'numItermax'
Error computing GW distance for Nasal-scattered_jitter-f2-CF3: ot.optim.cg() got multiple values for keyword argument 'numItermax'
Error computing GW distance for Glottal Stop-jitter-f2-CF1: ot.optim.cg() got multiple values for keyword argument 'numItermax'
Error computing GW distance for Glide-truncation-f1-CF1: ot.optim.cg() got multiple values for keyword argument 'numItermax'
Error computing GW distance for Glide-scattered_jitter-f2-CF5: ot.optim.cg() got multiple values for keyword argument 'numItermax'
Error computing GW distance for Syllabic Consonant-jitter-f1-CF5: ot.optim.cg() got multiple values for keyword argument 'numItermax'
Error computing GW distance for Affricate-loss-f3-CF5: ot.optim.cg() got multiple values for keyword argument 'numItermax'
Error computing GW distance for Affricate-scattered_jitter-f2-CF5: ot.optim.cg() got multiple values for keyword argument 'numItermax'
Error computing GW distance for Vowel-truncation-f3-CF6: ot.optim.cg() got multiple values for keyword argument 'numItermax'
Error computing GW distance for Stop-loss-f2-CF6: ot.optim.cg() got multiple values for keyword argument 'numItermax'
Error computing GW distance for Stop-scattered_jitter-f2-CF1: ot.optim.cg() got multiple values for keyword argument 'numItermax'
Error computing GW distance for Silence-jitter-f1-CF2: ot.optim.cg() got multiple values for keyword argument 'numItermax'
Error computing GW distance for Fricative-loss-f3-CF2: ot.optim.cg() got multiple values for keyword argument 'numItermax'
Error computing GW distance for Fricative-scattered_jitter-f2-CF2: ot.optim.cg() got multiple values for keyword argument 'numItermax'
Error computing GW distance for Liquid-jitter-f1-CF3: ot.optim.cg() got multiple values for keyword argument 'numItermax'
Error computing GW distance for Nasal-loss-f3-CF3: ot.optim.cg() got multiple values for keyword argument 'numItermax'
Error computing GW distance for Nasal-scattered_jitter-f2-CF2: ot.optim.cg() got multiple values for keyword argument 'numItermax'
Error computing GW distance for Glottal Stop-jitter-f1-CF5: ot.optim.cg() got multiple values for keyword argument 'numItermax'
Error computing GW distance for Glide-loss-f3-CF5: ot.optim.cg() got multiple values for keyword argument 'numItermax'
Error computing GW distance for Glide-scattered_jitter-f2-CF6: ot.optim.cg() got multiple values for keyword argument 'numItermax'
Error computing GW distance for Syllabic Consonant-jitter-f1-CF6: ot.optim.cg() got multiple values for keyword argument 'numItermax'
Error computing GW distance for Affricate-loss-f3-CF6: ot.optim.cg() got multiple values for keyword argument 'numItermax'
Error computing GW distance for Affricate-scattered_jitter-f2-CF6: ot.optim.cg() got multiple values for keyword argument 'numItermax'
Error computing GW distance for Vowel-jitter-f1-CF4: ot.optim.cg() got multiple values for keyword argument 'numItermax'
Error computing GW distance for Stop-loss-f3-CF4: ot.optim.cg() got multiple values for keyword argument 'numItermax'
Error computing GW distance for Stop-scattered_jitter-f2-CF5: ot.optim.cg() got multiple values for keyword argument 'numItermax'
Error computing GW distance for Silence-jitter-f1-CF5: ot.optim.cg() got multiple values for keyword argument 'numItermax'
Error computing GW distance for Fricative-loss-f3-CF5: ot.optim.cg() got multiple values for keyword argument 'numItermax'
Error computing GW distance for Fricative-scattered_jitter-f2-CF5: ot.optim.cg() got multiple values for keyword argument 'numItermax'
Error computing GW distance for Liquid-jitter-f1-CF5: ot.optim.cg() got multiple values for keyword argument 'numItermax'
Error computing GW distance for Nasal-loss-f3-CF4: ot.optim.cg() got multiple values for keyword argument 'numItermax'
Error computing GW distance for Nasal-scattered_jitter-f2-CF4: ot.optim.cg() got multiple values for keyword argument 'numItermax'
Error computing GW distance for Glottal Stop-jitter-f2-CF2: ot.optim.cg() got multiple values for keyword argument 'numItermax'
Error computing GW distance for Glide-truncation-f1-CF2: ot.optim.cg() got multiple values for keyword argument 'numItermax'
Error computing GW distance for Glide-scattered_jitter-f3-CF1: ot.optim.cg() got multiple values for keyword argument 'numItermax'
Error computing GW distance for Syllabic Consonant-jitter-f2-CF1: ot.optim.cg() got multiple values for keyword argument 'numItermax'
Error computing GW distance for Affricate-truncation-f1-CF1: ot.optim.cg() got multiple values for keyword argument 'numItermax'
Error computing GW distance for Affricate-scattered_jitter-f3-CF1: ot.optim.cg() got multiple values for keyword argument 'numItermax'
Error computing GW distance for Vowel-jitter-f1-CF2: ot.optim.cg() got multiple values for keyword argument 'numItermax'
Error computing GW distance for Stop-loss-f3-CF2: ot.optim.cg() got multiple values for keyword argument 'numItermax'
Error computing GW distance for Stop-scattered_jitter-f2-CF3: ot.optim.cg() got multiple values for keyword argument 'numItermax'
Error computing GW distance for Silence-jitter-f1-CF3: ot.optim.cg() got multiple values for keyword argument 'numItermax'
Error computing GW distance for Fricative-loss-f3-CF3: ot.optim.cg() got multiple values for keyword argument 'numItermax'
Error computing GW distance for Fricative-scattered_jitter-f2-CF3: ot.optim.cg() got multiple values for keyword argument 'numItermax'
Error computing GW distance for Liquid-jitter-f1-CF2: ot.optim.cg() got multiple values for keyword argument 'numItermax'
Error computing GW distance for Nasal-loss-f3-CF1: ot.optim.cg() got multiple values for keyword argument 'numItermax'
Error computing GW distance for Nasal-scattered_jitter-f2-CF1: ot.optim.cg() got multiple values for keyword argument 'numItermax'
Error computing GW distance for Glottal Stop-jitter-f1-CF6: ot.optim.cg() got multiple values for keyword argument 'numItermax'
Error computing GW distance for Glide-loss-f3-CF6: ot.optim.cg() got multiple values for keyword argument 'numItermax'
Error computing GW distance for Glide-scattered_jitter-f3-CF2: ot.optim.cg() got multiple values for keyword argument 'numItermax'
Error computing GW distance for Syllabic Consonant-jitter-f2-CF2: ot.optim.cg() got multiple values for keyword argument 'numItermax'
Error computing GW distance for Affricate-truncation-f1-CF2: ot.optim.cg() got multiple values for keyword argument 'numItermax'
Error computing GW distance for Affricate-scattered_jitter-f3-CF2: ot.optim.cg() got multiple values for keyword argument 'numItermax'
Error computing GW distance for Vowel-jitter-f1-CF3: ot.optim.cg() got multiple values for keyword argument 'numItermax'
Error computing GW distance for Stop-loss-f3-CF3: ot.optim.cg() got multiple values for keyword argument 'numItermax'
Error computing GW distance for Stop-scattered_jitter-f2-CF4: ot.optim.cg() got multiple values for keyword argument 'numItermax'
Error computing GW distance for Silence-jitter-f1-CF4: ot.optim.cg() got multiple values for keyword argument 'numItermax'
Error computing GW distance for Fricative-loss-f3-CF4: ot.optim.cg() got multiple values for keyword argument 'numItermax'
Error computing GW distance for Fricative-scattered_jitter-f2-CF4: ot.optim.cg() got multiple values for keyword argument 'numItermax'
Error computing GW distance for Liquid-jitter-f1-CF4: ot.optim.cg() got multiple values for keyword argument 'numItermax'
Error computing GW distance for Nasal-loss-f3-CF5: ot.optim.cg() got multiple values for keyword argument 'numItermax'
Error computing GW distance for Nasal-scattered_jitter-f2-CF5: ot.optim.cg() got multiple values for keyword argument 'numItermax'
Error computing GW distance for Glottal Stop-jitter-f2-CF3: ot.optim.cg() got multiple values for keyword argument 'numItermax'
Error computing GW distance for Glide-truncation-f1-CF3: ot.optim.cg() got multiple values for keyword argument 'numItermax'
Error computing GW distance for Glide-scattered_jitter-f3-CF3: ot.optim.cg() got multiple values for keyword argument 'numItermax'
Error computing GW distance for Syllabic Consonant-jitter-f2-CF3: ot.optim.cg() got multiple values for keyword argument 'numItermax'
Error computing GW distance for Affricate-truncation-f1-CF3: ot.optim.cg() got multiple values for keyword argument 'numItermax'
Error computing GW distance for Affricate-scattered_jitter-f3-CF3: ot.optim.cg() got multiple values for keyword argument 'numItermax'
Error computing GW distance for Vowel-jitter-f1-CF5: ot.optim.cg() got multiple values for keyword argument 'numItermax'
Error computing GW distance for Stop-loss-f3-CF5: ot.optim.cg() got multiple values for keyword argument 'numItermax'
Error computing GW distance for Stop-scattered_jitter-f2-CF6: ot.optim.cg() got multiple values for keyword argument 'numItermax'
Error computing GW distance for Silence-jitter-f1-CF6: ot.optim.cg() got multiple values for keyword argument 'numItermax'
Error computing GW distance for Fricative-loss-f3-CF6: ot.optim.cg() got multiple values for keyword argument 'numItermax'
Error computing GW distance for Fricative-scattered_jitter-f2-CF6: ot.optim.cg() got multiple values for keyword argument 'numItermax'
Error computing GW distance for Liquid-jitter-f1-CF6: ot.optim.cg() got multiple values for keyword argument 'numItermax'
Error computing GW distance for Nasal-loss-f3-CF6: ot.optim.cg() got multiple values for keyword argument 'numItermax'
Error computing GW distance for Nasal-scattered_jitter-f2-CF6: ot.optim.cg() got multiple values for keyword argument 'numItermax'
Error computing GW distance for Glottal Stop-jitter-f2-CF4: ot.optim.cg() got multiple values for keyword argument 'numItermax'
Error computing GW distance for Glide-truncation-f1-CF4: ot.optim.cg() got multiple values for keyword argument 'numItermax'
Error computing GW distance for Glide-scattered_jitter-f3-CF4: ot.optim.cg() got multiple values for keyword argument 'numItermax'
Error computing GW distance for Syllabic Consonant-jitter-f2-CF4: ot.optim.cg() got multiple values for keyword argument 'numItermax'
Error computing GW distance for Affricate-truncation-f1-CF4: ot.optim.cg() got multiple values for keyword argument 'numItermax'
Error computing GW distance for Affricate-scattered_jitter-f3-CF4: ot.optim.cg() got multiple values for keyword argument 'numItermax'
Error computing GW distance for Vowel-jitter-f2-CF1: ot.optim.cg() got multiple values for keyword argument 'numItermax'
Error computing GW distance for Stop-truncation-f1-CF1: ot.optim.cg() got multiple values for keyword argument 'numItermax'
Error computing GW distance for Stop-scattered_jitter-f3-CF1: ot.optim.cg() got multiple values for keyword argument 'numItermax'
Error computing GW distance for Epenthetic-scattered_jitter-f3-CF1: ot.optim.cg() got multiple values for keyword argument 'numItermax'
Error computing GW distance for Silence-jitter-f2-CF1: ot.optim.cg() got multiple values for keyword argument 'numItermax'
Error computing GW distance for Fricative-truncation-f1-CF2: ot.optim.cg() got multiple values for keyword argument 'numItermax'
Error computing GW distance for Fricative-scattered_jitter-f3-CF2: ot.optim.cg() got multiple values for keyword argument 'numItermax'
Error computing GW distance for Liquid-jitter-f2-CF2: ot.optim.cg() got multiple values for keyword argument 'numItermax'
Error computing GW distance for Nasal-truncation-f1-CF2: ot.optim.cg() got multiple values for keyword argument 'numItermax'
Error computing GW distance for Nasal-scattered_jitter-f3-CF1: ot.optim.cg() got multiple values for keyword argument 'numItermax'
Error computing GW distance for Glottal Stop-jitter-f2-CF5: ot.optim.cg() got multiple values for keyword argument 'numItermax'
Error computing GW distance for Glide-truncation-f1-CF5: ot.optim.cg() got multiple values for keyword argument 'numItermax'
Error computing GW distance for Glide-scattered_jitter-f3-CF5: ot.optim.cg() got multiple values for keyword argument 'numItermax'
Error computing GW distance for Syllabic Consonant-jitter-f2-CF5: ot.optim.cg() got multiple values for keyword argument 'numItermax'
Error computing GW distance for Affricate-truncation-f1-CF5: ot.optim.cg() got multiple values for keyword argument 'numItermax'
Error computing GW distance for Affricate-scattered_jitter-f3-CF5: ot.optim.cg() got multiple values for keyword argument 'numItermax'
Error computing GW distance for Vowel-truncation-f2-CF2: ot.optim.cg() got multiple values for keyword argument 'numItermax'
Error computing GW distance for Stop-jitter-f1-CF1: ot.optim.cg() got multiple values for keyword argument 'numItermax'
Error computing GW distance for Silence-loss-f2-CF2: ot.optim.cg() got multiple values for keyword argument 'numItermax'
Error computing GW distance for Silence-scattered_jitter-f1-CF2: ot.optim.cg() got multiple values for keyword argument 'numItermax'
Error computing GW distance for Fricative-truncation-f3-CF2: ot.optim.cg() got multiple values for keyword argument 'numItermax'
Error computing GW distance for Liquid-loss-f2-CF1: ot.optim.cg() got multiple values for keyword argument 'numItermax'
Error computing GW distance for Liquid-scattered_jitter-f1-CF1: ot.optim.cg() got multiple values for keyword argument 'numItermax'
Error computing GW distance for Nasal-truncation-f3-CF1: ot.optim.cg() got multiple values for keyword argument 'numItermax'
Error computing GW distance for Glottal Stop-loss-f2-CF1: ot.optim.cg() got multiple values for keyword argument 'numItermax'
Error computing GW distance for Glottal Stop-scattered_jitter-f1-CF1: ot.optim.cg() got multiple values for keyword argument 'numItermax'
Error computing GW distance for Glide-truncation-f1-CF6: ot.optim.cg() got multiple values for keyword argument 'numItermax'
Error computing GW distance for Glide-scattered_jitter-f3-CF6: ot.optim.cg() got multiple values for keyword argument 'numItermax'
Error computing GW distance for Syllabic Consonant-jitter-f2-CF6: ot.optim.cg() got multiple values for keyword argument 'numItermax'
Error computing GW distance for Affricate-truncation-f1-CF6: ot.optim.cg() got multiple values for keyword argument 'numItermax'
Error computing GW distance for Affricate-scattered_jitter-f3-CF6: ot.optim.cg() got multiple values for keyword argument 'numItermax'
Error computing GW distance for Vowel-loss-f1-CF1: ot.optim.cg() got multiple values for keyword argument 'numItermax'
Error computing GW distance for Vowel-jitter-f3-CF1: ot.optim.cg() got multiple values for keyword argument 'numItermax'
Error computing GW distance for Stop-truncation-f2-CF1: ot.optim.cg() got multiple values for keyword argument 'numItermax'
Error computing GW distance for Epenthetic-scattered_jitter-f3-CF3: ot.optim.cg() got multiple values for keyword argument 'numItermax'
Error computing GW distance for Silence-jitter-f2-CF3: ot.optim.cg() got multiple values for keyword argument 'numItermax'
Error computing GW distance for Fricative-truncation-f1-CF3: ot.optim.cg() got multiple values for keyword argument 'numItermax'
Error computing GW distance for Fricative-scattered_jitter-f3-CF3: ot.optim.cg() got multiple values for keyword argument 'numItermax'
Error computing GW distance for Liquid-jitter-f2-CF3: ot.optim.cg() got multiple values for keyword argument 'numItermax'
Error computing GW distance for Nasal-truncation-f1-CF3: ot.optim.cg() got multiple values for keyword argument 'numItermax'
Error computing GW distance for Nasal-scattered_jitter-f3-CF3: ot.optim.cg() got multiple values for keyword argument 'numItermax'
Error computing GW distance for Glottal Stop-jitter-f2-CF6: ot.optim.cg() got multiple values for keyword argument 'numItermax'
Error computing GW distance for Glide-truncation-f2-CF1: ot.optim.cg() got multiple values for keyword argument 'numItermax'
Error computing GW distance for Syllabic Consonant-loss-f1-CF1: ot.optim.cg() got multiple values for keyword argument 'numItermax'
Error computing GW distance for Syllabic Consonant-jitter-f3-CF1: ot.optim.cg() got multiple values for keyword argument 'numItermax'
Error computing GW distance for Affricate-truncation-f2-CF1: ot.optim.cg() got multiple values for keyword argument 'numItermax'
Error computing GW distance for Vowel-loss-f2-CF4: ot.optim.cg() got multiple values for keyword argument 'numItermax'
Error computing GW distance for Vowel-scattered_jitter-f1-CF5: ot.optim.cg() got multiple values for keyword argument 'numItermax'
Error computing GW distance for Stop-truncation-f3-CF5: ot.optim.cg() got multiple values for keyword argument 'numItermax'
Error computing GW distance for Silence-loss-f2-CF1: ot.optim.cg() got multiple values for keyword argument 'numItermax'
Error computing GW distance for Silence-scattered_jitter-f1-CF1: ot.optim.cg() got multiple values for keyword argument 'numItermax'
Error computing GW distance for Fricative-truncation-f3-CF1: ot.optim.cg() got multiple values for keyword argument 'numItermax'
Error computing GW distance for Liquid-loss-f2-CF2: ot.optim.cg() got multiple values for keyword argument 'numItermax'
Error computing GW distance for Liquid-scattered_jitter-f1-CF2: ot.optim.cg() got multiple values for keyword argument 'numItermax'
Error computing GW distance for Nasal-truncation-f3-CF2: ot.optim.cg() got multiple values for keyword argument 'numItermax'
Error computing GW distance for Glottal Stop-loss-f2-CF2: ot.optim.cg() got multiple values for keyword argument 'numItermax'
Error computing GW distance for Glottal Stop-scattered_jitter-f1-CF2: ot.optim.cg() got multiple values for keyword argument 'numItermax'
Error computing GW distance for Glide-truncation-f2-CF2: ot.optim.cg() got multiple values for keyword argument 'numItermax'
Error computing GW distance for Syllabic Consonant-loss-f1-CF2: ot.optim.cg() got multiple values for keyword argument 'numItermax'
Error computing GW distance for Syllabic Consonant-jitter-f3-CF2: ot.optim.cg() got multiple values for keyword argument 'numItermax'
Error computing GW distance for Affricate-truncation-f2-CF2: ot.optim.cg() got multiple values for keyword argument 'numItermax'
Error computing GW distance for Vowel-jitter-f1-CF6: ot.optim.cg() got multiple values for keyword argument 'numItermax'
Error computing GW distance for Stop-loss-f3-CF6: ot.optim.cg() got multiple values for keyword argument 'numItermax'
Error computing GW distance for Stop-scattered_jitter-f3-CF2: ot.optim.cg() got multiple values for keyword argument 'numItermax'
Error computing GW distance for Epenthetic-scattered_jitter-f3-CF2: ot.optim.cg() got multiple values for keyword argument 'numItermax'
Error computing GW distance for Silence-jitter-f2-CF2: ot.optim.cg() got multiple values for keyword argument 'numItermax'
Error computing GW distance for Fricative-truncation-f1-CF1: ot.optim.cg() got multiple values for keyword argument 'numItermax'
Error computing GW distance for Fricative-scattered_jitter-f3-CF1: ot.optim.cg() got multiple values for keyword argument 'numItermax'
Error computing GW distance for Liquid-jitter-f2-CF1: ot.optim.cg() got multiple values for keyword argument 'numItermax'
Error computing GW distance for Nasal-truncation-f1-CF1: ot.optim.cg() got multiple values for keyword argument 'numItermax'
Error computing GW distance for Nasal-scattered_jitter-f3-CF2: ot.optim.cg() got multiple values for keyword argument 'numItermax'
Error computing GW distance for Glottal Stop-jitter-f3-CF1: ot.optim.cg() got multiple values for keyword argument 'numItermax'
Error computing GW distance for Glide-truncation-f2-CF3: ot.optim.cg() got multiple values for keyword argument 'numItermax'
Error computing GW distance for Syllabic Consonant-loss-f1-CF3: ot.optim.cg() got multiple values for keyword argument 'numItermax'
Error computing GW distance for Syllabic Consonant-jitter-f3-CF3: ot.optim.cg() got multiple values for keyword argument 'numItermax'
Error computing GW distance for Affricate-truncation-f2-CF3: ot.optim.cg() got multiple values for keyword argument 'numItermax'
Error computing GW distance for Vowel-loss-f3-CF2: ot.optim.cg() got multiple values for keyword argument 'numItermax'
Error computing GW distance for Vowel-scattered_jitter-f2-CF2: ot.optim.cg() got multiple values for keyword argument 'numItermax'
Error computing GW distance for Stop-jitter-f1-CF3: ot.optim.cg() got multiple values for keyword argument 'numItermax'
Error computing GW distance for Silence-loss-f2-CF5: ot.optim.cg() got multiple values for keyword argument 'numItermax'
Error computing GW distance for Silence-scattered_jitter-f1-CF5: ot.optim.cg() got multiple values for keyword argument 'numItermax'
Error computing GW distance for Fricative-truncation-f3-CF5: ot.optim.cg() got multiple values for keyword argument 'numItermax'
Error computing GW distance for Liquid-loss-f2-CF5: ot.optim.cg() got multiple values for keyword argument 'numItermax'
Error computing GW distance for Liquid-scattered_jitter-f1-CF5: ot.optim.cg() got multiple values for keyword argument 'numItermax'
Error computing GW distance for Nasal-truncation-f3-CF4: ot.optim.cg() got multiple values for keyword argument 'numItermax'
Error computing GW distance for Glottal Stop-loss-f2-CF3: ot.optim.cg() got multiple values for keyword argument 'numItermax'
Error computing GW distance for Glottal Stop-scattered_jitter-f1-CF3: ot.optim.cg() got multiple values for keyword argument 'numItermax'
Error computing GW distance for Glide-truncation-f2-CF4: ot.optim.cg() got multiple values for keyword argument 'numItermax'
Error computing GW distance for Syllabic Consonant-loss-f1-CF4: ot.optim.cg() got multiple values for keyword argument 'numItermax'
Error computing GW distance for Syllabic Consonant-jitter-f3-CF4: ot.optim.cg() got multiple values for keyword argument 'numItermax'
Error computing GW distance for Affricate-truncation-f2-CF4: ot.optim.cg() got multiple values for keyword argument 'numItermax'
Error computing GW distance for Vowel-loss-f1-CF2: ot.optim.cg() got multiple values for keyword argument 'numItermax'
Error computing GW distance for Vowel-jitter-f3-CF2: ot.optim.cg() got multiple values for keyword argument 'numItermax'
Error computing GW distance for Stop-truncation-f2-CF2: ot.optim.cg() got multiple values for keyword argument 'numItermax'
Error computing GW distance for Epenthetic-scattered_jitter-f3-CF5: ot.optim.cg() got multiple values for keyword argument 'numItermax'
Error computing GW distance for Silence-jitter-f2-CF5: ot.optim.cg() got multiple values for keyword argument 'numItermax'
Error computing GW distance for Fricative-truncation-f1-CF4: ot.optim.cg() got multiple values for keyword argument 'numItermax'
Error computing GW distance for Fricative-scattered_jitter-f3-CF4: ot.optim.cg() got multiple values for keyword argument 'numItermax'
Error computing GW distance for Liquid-jitter-f2-CF5: ot.optim.cg() got multiple values for keyword argument 'numItermax'
Error computing GW distance for Nasal-truncation-f1-CF5: ot.optim.cg() got multiple values for keyword argument 'numItermax'
Error computing GW distance for Nasal-scattered_jitter-f3-CF5: ot.optim.cg() got multiple values for keyword argument 'numItermax'
Error computing GW distance for Glottal Stop-jitter-f3-CF2: ot.optim.cg() got multiple values for keyword argument 'numItermax'
Error computing GW distance for Glide-truncation-f2-CF5: ot.optim.cg() got multiple values for keyword argument 'numItermax'
Error computing GW distance for Syllabic Consonant-loss-f1-CF5: ot.optim.cg() got multiple values for keyword argument 'numItermax'
Error computing GW distance for Syllabic Consonant-jitter-f3-CF5: ot.optim.cg() got multiple values for keyword argument 'numItermax'
Error computing GW distance for Affricate-truncation-f2-CF5: ot.optim.cg() got multiple values for keyword argument 'numItermax'
Error computing GW distance for Vowel-loss-f3-CF1: ot.optim.cg() got multiple values for keyword argument 'numItermax'
Error computing GW distance for Vowel-scattered_jitter-f2-CF1: ot.optim.cg() got multiple values for keyword argument 'numItermax'
Error computing GW distance for Stop-jitter-f1-CF2: ot.optim.cg() got multiple values for keyword argument 'numItermax'
Error computing GW distance for Silence-loss-f2-CF4: ot.optim.cg() got multiple values for keyword argument 'numItermax'
Error computing GW distance for Silence-scattered_jitter-f1-CF4: ot.optim.cg() got multiple values for keyword argument 'numItermax'
Error computing GW distance for Fricative-truncation-f3-CF4: ot.optim.cg() got multiple values for keyword argument 'numItermax'
Error computing GW distance for Liquid-loss-f2-CF3: ot.optim.cg() got multiple values for keyword argument 'numItermax'
Error computing GW distance for Liquid-scattered_jitter-f1-CF3: ot.optim.cg() got multiple values for keyword argument 'numItermax'
Error computing GW distance for Nasal-truncation-f3-CF3: ot.optim.cg() got multiple values for keyword argument 'numItermax'
Error computing GW distance for Glottal Stop-loss-f2-CF4: ot.optim.cg() got multiple values for keyword argument 'numItermax'
Error computing GW distance for Glottal Stop-scattered_jitter-f1-CF4: ot.optim.cg() got multiple values for keyword argument 'numItermax'
Error computing GW distance for Glide-truncation-f2-CF6: ot.optim.cg() got multiple values for keyword argument 'numItermax'
Error computing GW distance for Syllabic Consonant-loss-f1-CF6: ot.optim.cg() got multiple values for keyword argument 'numItermax'
Error computing GW distance for Syllabic Consonant-jitter-f3-CF6: ot.optim.cg() got multiple values for keyword argument 'numItermax'
Error computing GW distance for Affricate-truncation-f2-CF6: ot.optim.cg() got multiple values for keyword argument 'numItermax'
Error computing GW distance for Vowel-loss-f1-CF3: ot.optim.cg() got multiple values for keyword argument 'numItermax'
Error computing GW distance for Vowel-jitter-f3-CF3: ot.optim.cg() got multiple values for keyword argument 'numItermax'
Error computing GW distance for Stop-truncation-f2-CF3: ot.optim.cg() got multiple values for keyword argument 'numItermax'
Error computing GW distance for Epenthetic-scattered_jitter-f3-CF4: ot.optim.cg() got multiple values for keyword argument 'numItermax'
Error computing GW distance for Silence-jitter-f2-CF4: ot.optim.cg() got multiple values for keyword argument 'numItermax'
Error computing GW distance for Fricative-truncation-f1-CF5: ot.optim.cg() got multiple values for keyword argument 'numItermax'
Error computing GW distance for Fricative-scattered_jitter-f3-CF5: ot.optim.cg() got multiple values for keyword argument 'numItermax'
Error computing GW distance for Liquid-jitter-f2-CF4: ot.optim.cg() got multiple values for keyword argument 'numItermax'
Error computing GW distance for Nasal-truncation-f1-CF4: ot.optim.cg() got multiple values for keyword argument 'numItermax'
Error computing GW distance for Nasal-scattered_jitter-f3-CF4: ot.optim.cg() got multiple values for keyword argument 'numItermax'
Error computing GW distance for Glottal Stop-jitter-f3-CF3: ot.optim.cg() got multiple values for keyword argument 'numItermax'
Error computing GW distance for Glide-truncation-f3-CF1: ot.optim.cg() got multiple values for keyword argument 'numItermax'
Error computing GW distance for Syllabic Consonant-loss-f2-CF1: ot.optim.cg() got multiple values for keyword argument 'numItermax'
Error computing GW distance for Syllabic Consonant-scattered_jitter-f1-CF1: ot.optim.cg() got multiple values for keyword argument 'numItermax'
Error computing GW distance for Affricate-truncation-f3-CF1: ot.optim.cg() got multiple values for keyword argument 'numItermax'
Error computing GW distance for Vowel-jitter-f2-CF3: ot.optim.cg() got multiple values for keyword argument 'numItermax'
Error computing GW distance for Stop-truncation-f1-CF3: ot.optim.cg() got multiple values for keyword argument 'numItermax'
Error computing GW distance for Stop-scattered_jitter-f3-CF3: ot.optim.cg() got multiple values for keyword argument 'numItermax'
Error computing GW distance for Silence-loss-f3-CF1: ot.optim.cg() got multiple values for keyword argument 'numItermax'
Error computing GW distance for Silence-scattered_jitter-f2-CF1: ot.optim.cg() got multiple values for keyword argument 'numItermax'
Error computing GW distance for Fricative-truncation-f3-CF6: ot.optim.cg() got multiple values for keyword argument 'numItermax'
Error computing GW distance for Liquid-loss-f2-CF6: ot.optim.cg() got multiple values for keyword argument 'numItermax'
Error computing GW distance for Liquid-scattered_jitter-f1-CF6: ot.optim.cg() got multiple values for keyword argument 'numItermax'
Error computing GW distance for Nasal-truncation-f3-CF6: ot.optim.cg() got multiple values for keyword argument 'numItermax'
Error computing GW distance for Glottal Stop-loss-f2-CF5: ot.optim.cg() got multiple values for keyword argument 'numItermax'
Error computing GW distance for Glottal Stop-scattered_jitter-f1-CF5: ot.optim.cg() got multiple values for keyword argument 'numItermax'
Error computing GW distance for Glide-truncation-f3-CF2: ot.optim.cg() got multiple values for keyword argument 'numItermax'
Error computing GW distance for Syllabic Consonant-loss-f2-CF2: ot.optim.cg() got multiple values for keyword argument 'numItermax'
Error computing GW distance for Syllabic Consonant-scattered_jitter-f1-CF2: ot.optim.cg() got multiple values for keyword argument 'numItermax'
Error computing GW distance for Affricate-truncation-f3-CF2: ot.optim.cg() got multiple values for keyword argument 'numItermax'
Error computing GW distance for Vowel-loss-f1-CF4: ot.optim.cg() got multiple values for keyword argument 'numItermax'
Error computing GW distance for Vowel-jitter-f3-CF4: ot.optim.cg() got multiple values for keyword argument 'numItermax'
Error computing GW distance for Stop-truncation-f2-CF4: ot.optim.cg() got multiple values for keyword argument 'numItermax'
Error computing GW distance for Epenthetic-scattered_jitter-f3-CF6: ot.optim.cg() got multiple values for keyword argument 'numItermax'
Error computing GW distance for Silence-jitter-f2-CF6: ot.optim.cg() got multiple values for keyword argument 'numItermax'
Error computing GW distance for Fricative-truncation-f1-CF6: ot.optim.cg() got multiple values for keyword argument 'numItermax'
Error computing GW distance for Fricative-scattered_jitter-f3-CF6: ot.optim.cg() got multiple values for keyword argument 'numItermax'
Error computing GW distance for Liquid-jitter-f2-CF6: ot.optim.cg() got multiple values for keyword argument 'numItermax'
Error computing GW distance for Nasal-truncation-f1-CF6: ot.optim.cg() got multiple values for keyword argument 'numItermax'
Error computing GW distance for Nasal-scattered_jitter-f3-CF6: ot.optim.cg() got multiple values for keyword argument 'numItermax'
Error computing GW distance for Glottal Stop-jitter-f3-CF4: ot.optim.cg() got multiple values for keyword argument 'numItermax'
Error computing GW distance for Glide-truncation-f3-CF3: ot.optim.cg() got multiple values for keyword argument 'numItermax'
Error computing GW distance for Syllabic Consonant-loss-f2-CF3: ot.optim.cg() got multiple values for keyword argument 'numItermax'
Error computing GW distance for Syllabic Consonant-scattered_jitter-f1-CF3: ot.optim.cg() got multiple values for keyword argument 'numItermax'
Error computing GW distance for Affricate-truncation-f3-CF3: ot.optim.cg() got multiple values for keyword argument 'numItermax'
Error computing GW distance for Vowel-loss-f2-CF6: ot.optim.cg() got multiple values for keyword argument 'numItermax'
Error computing GW distance for Vowel-scattered_jitter-f1-CF6: ot.optim.cg() got multiple values for keyword argument 'numItermax'
Error computing GW distance for Stop-truncation-f3-CF6: ot.optim.cg() got multiple values for keyword argument 'numItermax'
Error computing GW distance for Silence-loss-f2-CF3: ot.optim.cg() got multiple values for keyword argument 'numItermax'
Error computing GW distance for Silence-scattered_jitter-f1-CF3: ot.optim.cg() got multiple values for keyword argument 'numItermax'
Error computing GW distance for Fricative-truncation-f3-CF3: ot.optim.cg() got multiple values for keyword argument 'numItermax'
Error computing GW distance for Liquid-loss-f2-CF4: ot.optim.cg() got multiple values for keyword argument 'numItermax'
Error computing GW distance for Liquid-scattered_jitter-f1-CF4: ot.optim.cg() got multiple values for keyword argument 'numItermax'
Error computing GW distance for Nasal-truncation-f3-CF5: ot.optim.cg() got multiple values for keyword argument 'numItermax'
Error computing GW distance for Glottal Stop-loss-f2-CF6: ot.optim.cg() got multiple values for keyword argument 'numItermax'
Error computing GW distance for Glottal Stop-scattered_jitter-f1-CF6: ot.optim.cg() got multiple values for keyword argument 'numItermax'
Error computing GW distance for Glide-truncation-f3-CF4: ot.optim.cg() got multiple values for keyword argument 'numItermax'
Error computing GW distance for Syllabic Consonant-loss-f2-CF4: ot.optim.cg() got multiple values for keyword argument 'numItermax'
Error computing GW distance for Syllabic Consonant-scattered_jitter-f1-CF4: ot.optim.cg() got multiple values for keyword argument 'numItermax'
Error computing GW distance for Affricate-truncation-f3-CF4: ot.optim.cg() got multiple values for keyword argument 'numItermax'
Error computing GW distance for Vowel-loss-f2-CF3: ot.optim.cg() got multiple values for keyword argument 'numItermax'
Error computing GW distance for Vowel-scattered_jitter-f1-CF3: ot.optim.cg() got multiple values for keyword argument 'numItermax'
Error computing GW distance for Stop-truncation-f3-CF3: ot.optim.cg() got multiple values for keyword argument 'numItermax'
Error computing GW distance for Silence-loss-f1-CF5: ot.optim.cg() got multiple values for keyword argument 'numItermax'
Error computing GW distance for Silence-jitter-f3-CF5: ot.optim.cg() got multiple values for keyword argument 'numItermax'
Error computing GW distance for Fricative-truncation-f2-CF5: ot.optim.cg() got multiple values for keyword argument 'numItermax'
Error computing GW distance for Liquid-loss-f1-CF5: ot.optim.cg() got multiple values for keyword argument 'numItermax'
Error computing GW distance for Liquid-jitter-f3-CF5: ot.optim.cg() got multiple values for keyword argument 'numItermax'
Error computing GW distance for Nasal-truncation-f2-CF5: ot.optim.cg() got multiple values for keyword argument 'numItermax'
Error computing GW distance for Glottal Stop-loss-f1-CF6: ot.optim.cg() got multiple values for keyword argument 'numItermax'
Error computing GW distance for Glottal Stop-jitter-f3-CF6: ot.optim.cg() got multiple values for keyword argument 'numItermax'
Error computing GW distance for Glide-jitter-f1-CF1: ot.optim.cg() got multiple values for keyword argument 'numItermax'
Error computing GW distance for Syllabic Consonant-loss-f2-CF5: ot.optim.cg() got multiple values for keyword argument 'numItermax'
Error computing GW distance for Syllabic Consonant-scattered_jitter-f1-CF5: ot.optim.cg() got multiple values for keyword argument 'numItermax'
Error computing GW distance for Affricate-truncation-f3-CF5: ot.optim.cg() got multiple values for keyword argument 'numItermax'
Error computing GW distance for Vowel-loss-f3-CF3: ot.optim.cg() got multiple values for keyword argument 'numItermax'
Error computing GW distance for Vowel-scattered_jitter-f2-CF3: ot.optim.cg() got multiple values for keyword argument 'numItermax'
Error computing GW distance for Stop-jitter-f1-CF4: ot.optim.cg() got multiple values for keyword argument 'numItermax'
Error computing GW distance for Silence-loss-f2-CF6: ot.optim.cg() got multiple values for keyword argument 'numItermax'
Error computing GW distance for Silence-scattered_jitter-f1-CF6: ot.optim.cg() got multiple values for keyword argument 'numItermax'
Error computing GW distance for Fricative-jitter-f1-CF1: ot.optim.cg() got multiple values for keyword argument 'numItermax'
Error computing GW distance for Liquid-loss-f3-CF2: ot.optim.cg() got multiple values for keyword argument 'numItermax'
Error computing GW distance for Liquid-scattered_jitter-f2-CF2: ot.optim.cg() got multiple values for keyword argument 'numItermax'
Error computing GW distance for Nasal-jitter-f1-CF2: ot.optim.cg() got multiple values for keyword argument 'numItermax'
Error computing GW distance for Glottal Stop-loss-f3-CF2: ot.optim.cg() got multiple values for keyword argument 'numItermax'
Error computing GW distance for Glottal Stop-scattered_jitter-f2-CF2: ot.optim.cg() got multiple values for keyword argument 'numItermax'
Error computing GW distance for Glide-jitter-f1-CF2: ot.optim.cg() got multiple values for keyword argument 'numItermax'
Error computing GW distance for Syllabic Consonant-loss-f2-CF6: ot.optim.cg() got multiple values for keyword argument 'numItermax'
Error computing GW distance for Syllabic Consonant-scattered_jitter-f1-CF6: ot.optim.cg() got multiple values for keyword argument 'numItermax'
Error computing GW distance for Affricate-truncation-f3-CF6: ot.optim.cg() got multiple values for keyword argument 'numItermax'
Error computing GW distance for Vowel-jitter-f2-CF6: ot.optim.cg() got multiple values for keyword argument 'numItermax'
Error computing GW distance for Stop-truncation-f1-CF6: ot.optim.cg() got multiple values for keyword argument 'numItermax'
Error computing GW distance for Stop-scattered_jitter-f3-CF4: ot.optim.cg() got multiple values for keyword argument 'numItermax'
Error computing GW distance for Silence-loss-f3-CF2: ot.optim.cg() got multiple values for keyword argument 'numItermax'
Error computing GW distance for Silence-scattered_jitter-f2-CF2: ot.optim.cg() got multiple values for keyword argument 'numItermax'
Error computing GW distance for Fricative-jitter-f1-CF2: ot.optim.cg() got multiple values for keyword argument 'numItermax'
Error computing GW distance for Liquid-loss-f3-CF1: ot.optim.cg() got multiple values for keyword argument 'numItermax'
Error computing GW distance for Liquid-scattered_jitter-f2-CF1: ot.optim.cg() got multiple values for keyword argument 'numItermax'
Error computing GW distance for Nasal-jitter-f1-CF1: ot.optim.cg() got multiple values for keyword argument 'numItermax'
Error computing GW distance for Glottal Stop-loss-f3-CF1: ot.optim.cg() got multiple values for keyword argument 'numItermax'
Error computing GW distance for Glottal Stop-scattered_jitter-f2-CF1: ot.optim.cg() got multiple values for keyword argument 'numItermax'
Error computing GW distance for Glide-truncation-f3-CF5: ot.optim.cg() got multiple values for keyword argument 'numItermax'
Error computing GW distance for Syllabic Consonant-loss-f3-CF1: ot.optim.cg() got multiple values for keyword argument 'numItermax'
Error computing GW distance for Syllabic Consonant-scattered_jitter-f2-CF1: ot.optim.cg() got multiple values for keyword argument 'numItermax'
Error computing GW distance for Affricate-jitter-f1-CF1: ot.optim.cg() got multiple values for keyword argument 'numItermax'
Error computing GW distance for Vowel-loss-f2-CF5: ot.optim.cg() got multiple values for keyword argument 'numItermax'
Error computing GW distance for Vowel-scattered_jitter-f1-CF4: ot.optim.cg() got multiple values for keyword argument 'numItermax'
Error computing GW distance for Stop-truncation-f3-CF4: ot.optim.cg() got multiple values for keyword argument 'numItermax'
Error computing GW distance for Silence-loss-f1-CF6: ot.optim.cg() got multiple values for keyword argument 'numItermax'
Error computing GW distance for Silence-jitter-f3-CF6: ot.optim.cg() got multiple values for keyword argument 'numItermax'
Error computing GW distance for Fricative-truncation-f2-CF6: ot.optim.cg() got multiple values for keyword argument 'numItermax'
Error computing GW distance for Liquid-loss-f1-CF6: ot.optim.cg() got multiple values for keyword argument 'numItermax'
Error computing GW distance for Liquid-jitter-f3-CF6: ot.optim.cg() got multiple values for keyword argument 'numItermax'
Error computing GW distance for Nasal-truncation-f2-CF6: ot.optim.cg() got multiple values for keyword argument 'numItermax'
Error computing GW distance for Glottal Stop-loss-f1-CF5: ot.optim.cg() got multiple values for keyword argument 'numItermax'
Error computing GW distance for Glottal Stop-jitter-f3-CF5: ot.optim.cg() got multiple values for keyword argument 'numItermax'
Error computing GW distance for Glide-truncation-f3-CF6: ot.optim.cg() got multiple values for keyword argument 'numItermax'
Error computing GW distance for Syllabic Consonant-loss-f3-CF2: ot.optim.cg() got multiple values for keyword argument 'numItermax'
Error computing GW distance for Syllabic Consonant-scattered_jitter-f2-CF2: ot.optim.cg() got multiple values for keyword argument 'numItermax'
Error computing GW distance for Affricate-jitter-f1-CF2: ot.optim.cg() got multiple values for keyword argument 'numItermax'
Error computing GW distance for Vowel-jitter-f2-CF5: ot.optim.cg() got multiple values for keyword argument 'numItermax'
Error computing GW distance for Stop-truncation-f1-CF5: ot.optim.cg() got multiple values for keyword argument 'numItermax'
Error computing GW distance for Stop-scattered_jitter-f3-CF6: ot.optim.cg() got multiple values for keyword argument 'numItermax'
Error computing GW distance for Silence-loss-f3-CF4: ot.optim.cg() got multiple values for keyword argument 'numItermax'
Error computing GW distance for Silence-scattered_jitter-f2-CF4: ot.optim.cg() got multiple values for keyword argument 'numItermax'
Error computing GW distance for Fricative-jitter-f1-CF4: ot.optim.cg() got multiple values for keyword argument 'numItermax'
Error computing GW distance for Liquid-loss-f3-CF4: ot.optim.cg() got multiple values for keyword argument 'numItermax'
Error computing GW distance for Liquid-scattered_jitter-f2-CF4: ot.optim.cg() got multiple values for keyword argument 'numItermax'
Error computing GW distance for Nasal-jitter-f1-CF3: ot.optim.cg() got multiple values for keyword argument 'numItermax'
Error computing GW distance for Glottal Stop-loss-f3-CF3: ot.optim.cg() got multiple values for keyword argument 'numItermax'
Error computing GW distance for Glottal Stop-scattered_jitter-f2-CF3: ot.optim.cg() got multiple values for keyword argument 'numItermax'
Error computing GW distance for Glide-jitter-f1-CF3: ot.optim.cg() got multiple values for keyword argument 'numItermax'
Error computing GW distance for Syllabic Consonant-loss-f3-CF3: ot.optim.cg() got multiple values for keyword argument 'numItermax'
Error computing GW distance for Syllabic Consonant-scattered_jitter-f2-CF3: ot.optim.cg() got multiple values for keyword argument 'numItermax'
Error computing GW distance for Affricate-jitter-f1-CF3: ot.optim.cg() got multiple values for keyword argument 'numItermax'
Error computing GW distance for Vowel-jitter-f2-CF4: ot.optim.cg() got multiple values for keyword argument 'numItermax'
Error computing GW distance for Stop-truncation-f1-CF4: ot.optim.cg() got multiple values for keyword argument 'numItermax'
Error computing GW distance for Stop-scattered_jitter-f3-CF5: ot.optim.cg() got multiple values for keyword argument 'numItermax'
Error computing GW distance for Silence-loss-f3-CF3: ot.optim.cg() got multiple values for keyword argument 'numItermax'
Error computing GW distance for Silence-scattered_jitter-f2-CF3: ot.optim.cg() got multiple values for keyword argument 'numItermax'
Error computing GW distance for Fricative-jitter-f1-CF3: ot.optim.cg() got multiple values for keyword argument 'numItermax'
Error computing GW distance for Liquid-loss-f3-CF3: ot.optim.cg() got multiple values for keyword argument 'numItermax'
Error computing GW distance for Liquid-scattered_jitter-f2-CF3: ot.optim.cg() got multiple values for keyword argument 'numItermax'
Error computing GW distance for Nasal-jitter-f1-CF4: ot.optim.cg() got multiple values for keyword argument 'numItermax'
Error computing GW distance for Glottal Stop-loss-f3-CF4: ot.optim.cg() got multiple values for keyword argument 'numItermax'
Error computing GW distance for Glottal Stop-scattered_jitter-f2-CF4: ot.optim.cg() got multiple values for keyword argument 'numItermax'
Error computing GW distance for Glide-jitter-f1-CF4: ot.optim.cg() got multiple values for keyword argument 'numItermax'
Error computing GW distance for Syllabic Consonant-loss-f3-CF4: ot.optim.cg() got multiple values for keyword argument 'numItermax'
Error computing GW distance for Syllabic Consonant-scattered_jitter-f2-CF4: ot.optim.cg() got multiple values for keyword argument 'numItermax'
Error computing GW distance for Affricate-jitter-f1-CF4: ot.optim.cg() got multiple values for keyword argument 'numItermax'
Error computing GW distance for Vowel-loss-f3-CF5: ot.optim.cg() got multiple values for keyword argument 'numItermax'
Error computing GW distance for Vowel-scattered_jitter-f2-CF5: ot.optim.cg() got multiple values for keyword argument 'numItermax'
Error computing GW distance for Stop-jitter-f1-CF6: ot.optim.cg() got multiple values for keyword argument 'numItermax'
Error computing GW distance for Silence-loss-f3-CF6: ot.optim.cg() got multiple values for keyword argument 'numItermax'
Error computing GW distance for Silence-scattered_jitter-f2-CF5: ot.optim.cg() got multiple values for keyword argument 'numItermax'
Error computing GW distance for Fricative-jitter-f1-CF5: ot.optim.cg() got multiple values for keyword argument 'numItermax'
Error computing GW distance for Liquid-loss-f3-CF5: ot.optim.cg() got multiple values for keyword argument 'numItermax'
Error computing GW distance for Liquid-scattered_jitter-f2-CF5: ot.optim.cg() got multiple values for keyword argument 'numItermax'
Error computing GW distance for Nasal-jitter-f1-CF5: ot.optim.cg() got multiple values for keyword argument 'numItermax'
Error computing GW distance for Glottal Stop-loss-f3-CF5: ot.optim.cg() got multiple values for keyword argument 'numItermax'
Error computing GW distance for Glottal Stop-scattered_jitter-f2-CF5: ot.optim.cg() got multiple values for keyword argument 'numItermax'
Error computing GW distance for Glide-jitter-f1-CF5: ot.optim.cg() got multiple values for keyword argument 'numItermax'
Error computing GW distance for Syllabic Consonant-loss-f3-CF5: ot.optim.cg() got multiple values for keyword argument 'numItermax'
Error computing GW distance for Syllabic Consonant-scattered_jitter-f2-CF5: ot.optim.cg() got multiple values for keyword argument 'numItermax'
Error computing GW distance for Affricate-jitter-f1-CF5: ot.optim.cg() got multiple values for keyword argument 'numItermax'
Error computing GW distance for Vowel-loss-f3-CF4: ot.optim.cg() got multiple values for keyword argument 'numItermax'
Error computing GW distance for Vowel-scattered_jitter-f2-CF4: ot.optim.cg() got multiple values for keyword argument 'numItermax'
Error computing GW distance for Stop-jitter-f1-CF5: ot.optim.cg() got multiple values for keyword argument 'numItermax'
Error computing GW distance for Silence-loss-f3-CF5: ot.optim.cg() got multiple values for keyword argument 'numItermax'
Error computing GW distance for Silence-scattered_jitter-f2-CF6: ot.optim.cg() got multiple values for keyword argument 'numItermax'
Error computing GW distance for Fricative-jitter-f1-CF6: ot.optim.cg() got multiple values for keyword argument 'numItermax'
Error computing GW distance for Liquid-loss-f3-CF6: ot.optim.cg() got multiple values for keyword argument 'numItermax'
Error computing GW distance for Liquid-scattered_jitter-f2-CF6: ot.optim.cg() got multiple values for keyword argument 'numItermax'
Error computing GW distance for Nasal-jitter-f1-CF6: ot.optim.cg() got multiple values for keyword argument 'numItermax'
Error computing GW distance for Glottal Stop-loss-f3-CF6: ot.optim.cg() got multiple values for keyword argument 'numItermax'
Error computing GW distance for Glottal Stop-scattered_jitter-f2-CF6: ot.optim.cg() got multiple values for keyword argument 'numItermax'
Error computing GW distance for Glide-jitter-f1-CF6: ot.optim.cg() got multiple values for keyword argument 'numItermax'
Error computing GW distance for Syllabic Consonant-loss-f3-CF6: ot.optim.cg() got multiple values for keyword argument 'numItermax'
Error computing GW distance for Syllabic Consonant-scattered_jitter-f2-CF6: ot.optim.cg() got multiple values for keyword argument 'numItermax'
Error computing GW distance for Affricate-jitter-f1-CF6: ot.optim.cg() got multiple values for keyword argument 'numItermax'
Error computing GW distance for Vowel-loss-f3-CF6: ot.optim.cg() got multiple values for keyword argument 'numItermax'
Error computing GW distance for Vowel-scattered_jitter-f2-CF6: ot.optim.cg() got multiple values for keyword argument 'numItermax'
Error computing GW distance for Stop-jitter-f2-CF1: ot.optim.cg() got multiple values for keyword argument 'numItermax'
Error computing GW distance for Silence-truncation-f1-CF1: ot.optim.cg() got multiple values for keyword argument 'numItermax'
Error computing GW distance for Silence-scattered_jitter-f3-CF2: ot.optim.cg() got multiple values for keyword argument 'numItermax'
Error computing GW distance for Fricative-jitter-f2-CF2: ot.optim.cg() got multiple values for keyword argument 'numItermax'
Error computing GW distance for Liquid-truncation-f1-CF2: ot.optim.cg() got multiple values for keyword argument 'numItermax'
Error computing GW distance for Liquid-scattered_jitter-f3-CF2: ot.optim.cg() got multiple values for keyword argument 'numItermax'
Error computing GW distance for Nasal-jitter-f2-CF1: ot.optim.cg() got multiple values for keyword argument 'numItermax'
Error computing GW distance for Glottal Stop-truncation-f1-CF1: ot.optim.cg() got multiple values for keyword argument 'numItermax'
Error computing GW distance for Glottal Stop-scattered_jitter-f3-CF1: ot.optim.cg() got multiple values for keyword argument 'numItermax'
Error computing GW distance for Glide-jitter-f2-CF1: ot.optim.cg() got multiple values for keyword argument 'numItermax'
Error computing GW distance for Syllabic Consonant-truncation-f1-CF1: ot.optim.cg() got multiple values for keyword argument 'numItermax'
Error computing GW distance for Syllabic Consonant-scattered_jitter-f3-CF1: ot.optim.cg() got multiple values for keyword argument 'numItermax'
Error computing GW distance for Affricate-jitter-f2-CF1: ot.optim.cg() got multiple values for keyword argument 'numItermax'
Error computing GW distance for Vowel-truncation-f1-CF1: ot.optim.cg() got multiple values for keyword argument 'numItermax'
Error computing GW distance for Vowel-scattered_jitter-f3-CF2: ot.optim.cg() got multiple values for keyword argument 'numItermax'
Error computing GW distance for Stop-jitter-f2-CF3: ot.optim.cg() got multiple values for keyword argument 'numItermax'
Error computing GW distance for Silence-truncation-f1-CF2: ot.optim.cg() got multiple values for keyword argument 'numItermax'
Error computing GW distance for Silence-scattered_jitter-f3-CF1: ot.optim.cg() got multiple values for keyword argument 'numItermax'
Error computing GW distance for Fricative-jitter-f2-CF1: ot.optim.cg() got multiple values for keyword argument 'numItermax'
Error computing GW distance for Liquid-truncation-f1-CF1: ot.optim.cg() got multiple values for keyword argument 'numItermax'
Error computing GW distance for Liquid-scattered_jitter-f3-CF1: ot.optim.cg() got multiple values for keyword argument 'numItermax'
Error computing GW distance for Nasal-jitter-f2-CF2: ot.optim.cg() got multiple values for keyword argument 'numItermax'
Error computing GW distance for Glottal Stop-truncation-f1-CF2: ot.optim.cg() got multiple values for keyword argument 'numItermax'
Error computing GW distance for Glottal Stop-scattered_jitter-f3-CF2: ot.optim.cg() got multiple values for keyword argument 'numItermax'
Error computing GW distance for Glide-jitter-f2-CF2: ot.optim.cg() got multiple values for keyword argument 'numItermax'
Error computing GW distance for Syllabic Consonant-truncation-f1-CF2: ot.optim.cg() got multiple values for keyword argument 'numItermax'
Error computing GW distance for Syllabic Consonant-scattered_jitter-f3-CF2: ot.optim.cg() got multiple values for keyword argument 'numItermax'
Error computing GW distance for Affricate-jitter-f2-CF2: ot.optim.cg() got multiple values for keyword argument 'numItermax'
Error computing GW distance for Vowel-truncation-f1-CF2: ot.optim.cg() got multiple values for keyword argument 'numItermax'
Error computing GW distance for Vowel-scattered_jitter-f3-CF1: ot.optim.cg() got multiple values for keyword argument 'numItermax'
Error computing GW distance for Stop-jitter-f2-CF2: ot.optim.cg() got multiple values for keyword argument 'numItermax'
Error computing GW distance for Silence-truncation-f1-CF3: ot.optim.cg() got multiple values for keyword argument 'numItermax'
Error computing GW distance for Silence-scattered_jitter-f3-CF3: ot.optim.cg() got multiple values for keyword argument 'numItermax'
Error computing GW distance for Fricative-jitter-f2-CF3: ot.optim.cg() got multiple values for keyword argument 'numItermax'
Error computing GW distance for Liquid-truncation-f1-CF3: ot.optim.cg() got multiple values for keyword argument 'numItermax'
Error computing GW distance for Liquid-scattered_jitter-f3-CF3: ot.optim.cg() got multiple values for keyword argument 'numItermax'
Error computing GW distance for Nasal-jitter-f2-CF3: ot.optim.cg() got multiple values for keyword argument 'numItermax'
Error computing GW distance for Glottal Stop-truncation-f1-CF3: ot.optim.cg() got multiple values for keyword argument 'numItermax'
Error computing GW distance for Glottal Stop-scattered_jitter-f3-CF3: ot.optim.cg() got multiple values for keyword argument 'numItermax'
Error computing GW distance for Glide-jitter-f2-CF3: ot.optim.cg() got multiple values for keyword argument 'numItermax'
Error computing GW distance for Syllabic Consonant-truncation-f1-CF3: ot.optim.cg() got multiple values for keyword argument 'numItermax'
Error computing GW distance for Syllabic Consonant-scattered_jitter-f3-CF3: ot.optim.cg() got multiple values for keyword argument 'numItermax'
Error computing GW distance for Affricate-jitter-f2-CF3: ot.optim.cg() got multiple values for keyword argument 'numItermax'
Error computing GW distance for Vowel-truncation-f1-CF4: ot.optim.cg() got multiple values for keyword argument 'numItermax'
Error computing GW distance for Vowel-scattered_jitter-f3-CF4: ot.optim.cg() got multiple values for keyword argument 'numItermax'
Error computing GW distance for Stop-jitter-f2-CF5: ot.optim.cg() got multiple values for keyword argument 'numItermax'
Error computing GW distance for Silence-truncation-f1-CF5: ot.optim.cg() got multiple values for keyword argument 'numItermax'
Error computing GW distance for Silence-scattered_jitter-f3-CF4: ot.optim.cg() got multiple values for keyword argument 'numItermax'
Error computing GW distance for Fricative-jitter-f2-CF4: ot.optim.cg() got multiple values for keyword argument 'numItermax'
Error computing GW distance for Liquid-truncation-f1-CF4: ot.optim.cg() got multiple values for keyword argument 'numItermax'
Error computing GW distance for Liquid-scattered_jitter-f3-CF4: ot.optim.cg() got multiple values for keyword argument 'numItermax'
Error computing GW distance for Nasal-jitter-f2-CF4: ot.optim.cg() got multiple values for keyword argument 'numItermax'
Error computing GW distance for Glottal Stop-truncation-f1-CF4: ot.optim.cg() got multiple values for keyword argument 'numItermax'
Error computing GW distance for Glottal Stop-scattered_jitter-f3-CF4: ot.optim.cg() got multiple values for keyword argument 'numItermax'
Error computing GW distance for Glide-jitter-f2-CF4: ot.optim.cg() got multiple values for keyword argument 'numItermax'
Error computing GW distance for Syllabic Consonant-truncation-f1-CF4: ot.optim.cg() got multiple values for keyword argument 'numItermax'
Error computing GW distance for Syllabic Consonant-scattered_jitter-f3-CF4: ot.optim.cg() got multiple values for keyword argument 'numItermax'
Error computing GW distance for Affricate-jitter-f2-CF4: ot.optim.cg() got multiple values for keyword argument 'numItermax'
Error computing GW distance for Vowel-truncation-f1-CF3: ot.optim.cg() got multiple values for keyword argument 'numItermax'
Error computing GW distance for Vowel-scattered_jitter-f3-CF3: ot.optim.cg() got multiple values for keyword argument 'numItermax'
Error computing GW distance for Stop-jitter-f2-CF4: ot.optim.cg() got multiple values for keyword argument 'numItermax'
Error computing GW distance for Silence-truncation-f1-CF4: ot.optim.cg() got multiple values for keyword argument 'numItermax'
Error computing GW distance for Silence-scattered_jitter-f3-CF5: ot.optim.cg() got multiple values for keyword argument 'numItermax'
Error computing GW distance for Fricative-jitter-f2-CF5: ot.optim.cg() got multiple values for keyword argument 'numItermax'
Error computing GW distance for Liquid-truncation-f1-CF5: ot.optim.cg() got multiple values for keyword argument 'numItermax'
Error computing GW distance for Liquid-scattered_jitter-f3-CF5: ot.optim.cg() got multiple values for keyword argument 'numItermax'
Error computing GW distance for Nasal-jitter-f2-CF5: ot.optim.cg() got multiple values for keyword argument 'numItermax'
Error computing GW distance for Glottal Stop-truncation-f1-CF5: ot.optim.cg() got multiple values for keyword argument 'numItermax'
Error computing GW distance for Glottal Stop-scattered_jitter-f3-CF5: ot.optim.cg() got multiple values for keyword argument 'numItermax'
Error computing GW distance for Glide-jitter-f2-CF5: ot.optim.cg() got multiple values for keyword argument 'numItermax'
Error computing GW distance for Syllabic Consonant-truncation-f1-CF5: ot.optim.cg() got multiple values for keyword argument 'numItermax'
Error computing GW distance for Syllabic Consonant-scattered_jitter-f3-CF5: ot.optim.cg() got multiple values for keyword argument 'numItermax'
Error computing GW distance for Affricate-jitter-f2-CF5: ot.optim.cg() got multiple values for keyword argument 'numItermax'
Error computing GW distance for Vowel-truncation-f1-CF6: ot.optim.cg() got multiple values for keyword argument 'numItermax'
Error computing GW distance for Vowel-scattered_jitter-f3-CF5: ot.optim.cg() got multiple values for keyword argument 'numItermax'
Error computing GW distance for Stop-jitter-f2-CF6: ot.optim.cg() got multiple values for keyword argument 'numItermax'
Error computing GW distance for Silence-truncation-f1-CF6: ot.optim.cg() got multiple values for keyword argument 'numItermax'
Error computing GW distance for Silence-scattered_jitter-f3-CF6: ot.optim.cg() got multiple values for keyword argument 'numItermax'
Error computing GW distance for Fricative-jitter-f2-CF6: ot.optim.cg() got multiple values for keyword argument 'numItermax'
Error computing GW distance for Liquid-truncation-f1-CF6: ot.optim.cg() got multiple values for keyword argument 'numItermax'
Error computing GW distance for Liquid-scattered_jitter-f3-CF6: ot.optim.cg() got multiple values for keyword argument 'numItermax'
Error computing GW distance for Nasal-jitter-f2-CF6: ot.optim.cg() got multiple values for keyword argument 'numItermax'
Error computing GW distance for Glottal Stop-truncation-f1-CF6: ot.optim.cg() got multiple values for keyword argument 'numItermax'
Error computing GW distance for Glottal Stop-scattered_jitter-f3-CF6: ot.optim.cg() got multiple values for keyword argument 'numItermax'
Error computing GW distance for Glide-jitter-f2-CF6: ot.optim.cg() got multiple values for keyword argument 'numItermax'
Error computing GW distance for Syllabic Consonant-truncation-f1-CF6: ot.optim.cg() got multiple values for keyword argument 'numItermax'
Error computing GW distance for Syllabic Consonant-scattered_jitter-f3-CF6: ot.optim.cg() got multiple values for keyword argument 'numItermax'
Error computing GW distance for Affricate-jitter-f2-CF6: ot.optim.cg() got multiple values for keyword argument 'numItermax'
Checkpoint saved: Total results = 140
Saved intermediate CSV results: 140 entries
Final results saved: 140 total combinations

Perturbation type distribution in results:
  loss: 37 results
  truncation: 37 results
  jitter: 36 results
  scattered_jitter: 30 results

Saving results...

Analysis complete! Total runtime: 0h 41m 26s
Analysis complete. Results are in /pasteur/helix/scratch/mcampi/OT/results/ANSD_OT_Results/
Job finished at Wed Apr  9 11:22:49 CEST 2025
